,0,1996,1997,1998,1999,2000,2001,2002,2003,2004,2005,2006,2007,2008,2009,2010,2011,2012,2013,2014,2015,2016,2017,2018,2019,2020,2021,date
0,0.0,0.0,0.0,0.0,0.0,0.0,0.0,0.0,0.0,0.0,0.0,0.0,0.0,0.0,0.0,0.0,0.0,0.0,0.0,0.0,0.0,0.0,0.0,0.0,0.0,0.0,0.0,3/15
1,0.0,0.0,0.0,0.0,0.0,0.0,0.0,0.0,0.0,0.0,0.0,0.0,0.0,0.0,0.0,0.0,0.0,0.0,0.0,0.0,0.0,0.0,0.0,0.0,0.0,0.0,0.0,3/16
2,0.0,0.0,0.0,0.0,0.0,0.0,0.0,0.0,0.0,0.0,0.0,0.0,0.0,0.0,0.0,0.0,0.0,0.0,0.0,0.0,0.0,0.0,0.0,0.0,0.0,0.0,0.0,3/17
3,0.0,0.0,0.0,0.0,0.0,0.0,0.0,0.0,0.0,0.0,0.0,0.0,0.0,0.0,0.0,0.0,0.0,0.0,0.0,0.0,0.0,0.0,0.0,0.0,0.0,0.0,0.0,3/18
4,0.0,0.0,0.0,0.0,0.0,0.0,0.0,0.0,0.0,0.0,0.0,0.0,0.0,0.0,0.0,0.0,0.0,0.0,0.0,0.0,0.0,0.0,0.0,0.0,0.0,0.0,0.0,3/19
5,0.0,0.0,0.0,0.0,0.0,0.0,0.0,0.0,0.0,0.0,0.0,0.0,0.0,0.0,0.0,0.0,0.0,0.0,0.0,0.0,0.0,0.0,0.0,0.0,0.074535599249993,0.0,0.0,3/20
6,0.0,0.0,0.0,0.0,0.0,0.0,0.0,0.0,0.0,0.0,0.0,0.0,0.0,0.0,0.0,0.0,0.0,0.0,0.0,0.0,0.0,0.0,0.0,0.0,0.149071198499986,0.0,0.0,3/21
7,0.0,0.0,0.0,0.0,0.0,0.0,0.0,0.0,0.0,0.0,0.0,0.0,0.0,0.0,0.0,0.0,0.0,0.0,0.0,0.074535599249993,0.0,0.0,0.0,0.0,0.149071198499986,0.0,0.0,3/22
8,0.0,0.0,0.0,0.0,0.0,0.0,0.0,0.0,0.0,0.0,0.0,0.0,0.0,0.0,0.0,0.0,0.0,0.0,0.0,0.149071198499986,0.0,0.0,0.0,0.0,0.149071198499986,0.0,0.0,3/23
9,0.0,0.0,0.0,0.0,0.0,0.0,0.0,0.0,0.0,0.0,0.0,0.0,0.0,0.0,0.0,0.0,0.0,0.0,0.0,0.149071198499986,0.0,0.0,0.0,0.0,0.149071198499986,0.0,0.0,3/24
10,0.0,0.0,0.0,0.0,0.0,0.0,0.0,0.0,0.0,0.0,0.0,0.0,0.0,0.074535599249993,0.0,0.0,0.0,0.0,0.0,0.149071198499986,0.0,0.0,0.0,0.0,0.149071198499986,0.0,0.0,3/25
11,0.0,0.0,0.0,0.0,0.0,0.0,0.0,0.0,0.0,0.0,0.0,0.0,0.0,0.15786893258332635,0.0,0.0,0.0,0.0,0.0,0.149071198499986,0.0,0.0,0.0,0.0,0.149071198499986,0.0,0.0,3/26
12,0.0,0.0,0.0,0.0,0.0,0.0,0.0,0.0,0.0,0.0,0.0,0.0,0.0,0.15786893258332635,0.0,0.0,0.0,0.0,0.0,0.149071198499986,0.0,0.0,0.0,0.0,0.149071198499986,0.0,0.0,3/27
13,0.0,0.0,0.0,0.0,0.0,0.0,0.0,0.0,0.0,0.0,0.0,0.0,0.0,0.15786893258332635,0.0,0.0,0.0,0.08333333333333333,0.0,0.149071198499986,0.0,0.0,0.0,0.0,0.6438081161520354,0.0,0.0,3/28
14,0.0,0.0,0.0,0.0,0.0,0.06804138174397717,0.0,0.0,0.0,0.0,0.0,0.0,0.0,0.15786893258332635,0.0,0.0,0.0,0.09622504486493762,0.0,0.149071198499986,0.0,0.0,0.0,0.5309710638376316,0.653662907925776,0.0,0.0,3/29
15,0.0,0.0,0.0,0.0,0.0,0.14257698099397018,0.0,0.0,0.08333333333333333,0.074535599249993,0.0,0.0,0.0,0.23240453183331936,0.0,0.0,0.0,0.09622504486493762,0.0,0.14907119849998596,0.0,0.0,0.0,0.5144042530384856,0.8022498597373261,0.0,0.0,3/30
16,0.0,0.08333333333333333,0.0,0.3251511668290256,0.0,0.14257698099397018,0.0,0.074535599249993,0.5397687979209718,0.09128709291752769,0.0,0.0,0.0,0.6052238186998937,0.0,0.0,0.3917330064948243,0.09622504486493762,0.074535599249993,0.5791273086757831,0.0,0.0,0.0,0.77005470110403,1.0153842088677412,0.0,0.0,3/31
17,0.0,0.5112037625333125,0.4534196569508541,0.6197401189476657,0.0,0.14257698099397018,0.074535599249993,0.5177965079182965,0.609268283704213,0.09128709291752769,0.0,0.0,0.074535599249993,0.5956834027669525,0.0,0.0,0.5827042464239828,0.09622504486493762,0.5309710638376316,0.7137299325410758,0.0,0.0,0.0,0.9570057466268448,1.0731586765241319,0.0,0.5309710638376315,4/1
18,0.0,0.6307571447738003,0.8031084998299995,0.7726074722935351,0.0,0.14257698099397018,0.43173021133590944,0.650302333658051,1.0641058490243636,0.09128709291752769,0.0,0.074535599249993,0.5359090157850414,0.798688495804587,0.0,0.0,0.8266250119516422,0.09622504486493762,0.5575351011178618,0.9746836290871687,0.0,0.0,0.22360679774997902,1.111584792043231,1.4955720896202156,0.0,0.6538475907941649,4/2
19,0.0,0.7405572773303405,0.7674411727963492,0.9703897581504982,0.0,0.5659527527564481,0.527609051530992,0.6391268760760714,1.1394048104544683,0.09128709291752769,0.074535599249993,0.5345480015858312,0.844999626695639,0.8828803142249243,0.0,0.0,1.0156045828733553,0.09622504486493762,0.7018191527639276,0.9672285774057009,0.0,0.22360679774997902,0.5309710638376315,1.2029464578591453,1.5886720151344038,0.0,0.8415939092778465,4/3
20,0.0,0.703005957214223,0.933896794788995,1.2384806284767562,0.074535599249993,0.7336623798350876,0.817328569965575,0.8888705121608244,1.2408113949099662,0.09128709291752769,0.5062658105859025,0.473858986787423,1.0207955129038893,0.7504230240676532,0.0,0.074535599249993,1.2283878669302968,0.1642664266089148,0.6464647021041614,0.9846040171361032,0.0,0.5720036757525552,0.6105320598463999,1.4525483511225377,1.5644077854632785,0.0,1.036007494374087,4/4
21,0.0,0.828095985460379,1.067685518288296,1.36188542690176,0.5165230867474213,0.6566435144140278,0.983874246095939,0.8593780496135794,1.3221449814005624,0.44848170500344414,0.6228192868665745,0.6677643252690793,0.9870771485971579,0.9301727680920068,0.074535599249993,0.5177965079182966,1.3441186585590117,0.4971852321148314,0.8140499161683606,1.1589174548680452,0.074535599249993,0.7459786582108384,0.8673585145454412,1.5420277910866946,1.6774772838583527,0.0,1.249677620612898,4/5
22,0.0,0.8614994492365281,1.0356692011000006,1.4901975150230335,0.5447941946797473,0.6521611176865523,1.0773600496027433,1.2140714586024801,1.52050508783383,0.789309968093721,0.5052637379580397,0.8664588114749826,0.9920390042126085,1.0682228637680085,0.44326090866830353,0.4829995018678686,1.4067758038754343,0.6193297939297403,0.9912617587617358,0.9846040171361032,0.5477225575051662,0.8777112344039969,0.9182277446922921,1.6410225857703375,1.7408022542977324,0.0,1.2819044673153037,4/6
23,0.0,1.0544654576448922,1.0781546053867992,1.6174492218349112,0.669106777950212,0.7674961578588868,1.0107281778457433,1.3734191938830405,1.5167375792273485,0.6170420562875331,0.681662254537974,1.0410011180874725,1.0362512560765922,1.2306531072962994,0.48346339392226073,0.8093590314462632,1.4571753638810643,0.950843530192115,1.2643082701246018,0.9306319680764966,0.5456243213407136,0.9748683119555572,1.0468335025248685,1.5424840172101788,1.9723793677823434,0.0,1.2360973743034611,4/7
24,0.0,1.1596648429527467,1.0588981775551274,1.5340948707300592,0.8623677248081254,0.893674409875643,1.0000758167243722,1.6105666227960824,1.5802029833287952,0.9037695281784295,0.6148204987975932,1.3381486562353633,1.2354687145875785,1.3184292194742757,0.7602979520372722,0.7738381522453416,1.2993992290367966,1.1414610809956465,1.413401695643799,1.1440350471814693,0.7939502201806014,0.991207578349158,1.125429756491942,1.831490118692465,2.121312984775383,0.0,1.3971429118796321,4/8
25,0.0,1.1450377580572313,1.188153888915721,1.669682368315368,0.9150524429324158,1.0318755071070542,1.095486748695472,1.7008179095016043,1.7357174800441617,0.8675775611870055,0.8970102419918465,1.3768115886052488,1.269427353841522,1.3783920859505094,0.7708213686833566,1.0724111254577606,1.6520467832215473,1.054834344284479,1.4286081604372718,1.0701498787305626,0.996156750051895,1.0362408997388668,1.310431425440679,1.9391380285102546,2.1733901743286426,0.0,1.415162621868588,4/9
26,0.0,1.192454783700357,1.2431654239615861,1.7364341367021094,1.0430654155464814,1.1109721906123005,1.3960851574698683,1.7815896690435427,1.8387369527144413,1.0995212850339653,0.7878805026329179,1.4112782766641307,1.2402937325713583,1.319317100746335,0.9565558599477231,1.1405984084956258,1.7015008081138785,1.291043564087403,1.574906718608997,1.152085249994082,1.1886180523980323,1.1845347108696778,1.335036058376762,2.076629412251617,2.3142020721566525,0.0,1.3292672747442327,4/10
27,0.0,1.2319747557935083,1.5151342370952623,1.8273113741570655,1.2314220027783034,1.2520563717817879,1.6141694467062215,1.734174503657434,1.9603090473234441,1.120975291661856,0.9441829640997934,1.4577069209177784,1.4212745981298702,1.3424167532761133,1.2011754469049467,1.3938402856094028,1.8177392859912518,1.279439852591121,1.7615105421558346,1.2089890092700335,1.2237433069070853,1.3285563223471486,1.6302766596199334,2.250811312077731,2.385947498167845,0.0,1.4102469777960351,4/11
28,0.0,1.173439560924767,1.7207889434199057,2.007072157139991,1.3758103578294902,1.290195942739924,1.594051909374816,2.072150983431378,2.0112351106914366,1.1247536767820645,1.0755463731767663,1.159432748492453,1.432069712298776,1.5055920265864307,1.3865195096569476,1.6301778679212093,1.5835349245270394,1.4035372603331437,1.7778940322194188,1.3019977986980564,1.1438883696359883,1.550130115022343,1.5725885038849434,2.494347613911675,2.4718147910880663,0.0,1.4167218579123413,4/12
29,0.0,1.3340638791846056,1.6304940584611238,2.139741652781682,1.337153831258538,1.2256724391291385,1.6714099668392288,2.3460968072109734,2.0805636780131507,1.2400905250182392,1.1564830037425657,1.26775777081313,1.4515618281889429,1.3855585155101144,1.607673725383826,1.696978742291888,1.676446695610137,1.3797116592096061,1.9297882630191197,1.5256333135003406,1.242171675523842,1.62710308948445,1.6697255471994428,2.712827303301159,2.354564315337439,0.0,1.270773503363367,4/13
30,0.0,1.3778359054948996,1.7291888030049503,2.3985141897264843,1.4854955313551679,1.2805240411875627,1.9194684292816084,2.255886262428766,2.2620575144187165,1.4977788337146938,1.1768071089360657,1.3141917220490755,1.4028043430729813,1.4689415552653582,1.7352246559856415,1.7834013690582173,1.873807291706692,1.5217188733255769,2.05459243069334,1.6177758163964848,1.493328467250336,1.9018038250505072,1.6103682075919608,2.872842640691118,2.326634358878391,0.0,1.353763208256719,4/14
31,0.0,1.4456482483581918,1.8698288837409605,2.4002815444422723,1.4508159537449805,1.3819800275713863,1.9524952594279588,2.4303915407392567,2.3788832401891886,1.4047498744206612,1.2707624019303168,1.4328357708967348,1.521163714503284,1.688580435691476,1.766450012034898,1.746026443001595,2.081689217228123,1.6279615177817994,2.1138319725162034,1.6801866358155009,1.5157631565816108,1.8778632089816896,1.5570468481449165,2.9444744453359744,2.2660988792441183,0.0,1.4105649259364255,4/15
32,0.0,1.6976045694023625,1.9908574319780297,2.298039651402681,1.3461757091187214,1.5656375132641493,1.78076362570501,2.512573949742461,2.3801772343286047,1.4382896728718526,1.3154335446477192,1.41281363920245,1.488920142691386,1.7671252758545333,1.8334912094667528,1.8485106426417388,2.1252965549761136,1.6533981577121792,2.238893442240074,1.7740118857371512,1.5282017393029639,1.8422127199527925,1.703437845211182,2.777154399260395,2.340633421713798,0.0,1.5259374268173864,4/16
33,0.0,1.8488418257139425,2.1690429952388004,2.35670695737223,1.4645423012588672,1.5808242892024695,1.8912627929855155,2.54311882149675,2.3113705822877426,1.5761023705750319,1.3568537830181266,1.6751170284069818,1.6718746860446603,1.6576203019579356,1.9701701484824685,1.9209475538594025,2.0199909994272187,1.8424455754280997,2.345075788801505,1.7892674783074494,1.7407585701423505,1.6505846151319605,1.7179339010629804,2.898267222386672,2.465251320843171,0.0,1.587943906985764,4/17
34,0.0,1.804377490295946,2.2483911669621945,2.491099484787186,1.5159726751231462,1.71707394794707,2.141020083621329,2.6450009081200756,2.618622797977953,1.7392911526983585,1.542966523765671,1.7165330560560281,1.755672302075969,1.8706488204043452,2.120512102837107,1.8832530614099803,2.003722187578815,2.0122285150921218,2.492275633441489,1.8331249642131426,1.6166526966544301,1.633902058855415,1.7210516691980826,3.0246992423638055,2.38536792547846,0.0,1.7008046005764008,4/18
35,0.0,1.8948462150398429,2.366573963263968,2.5452237974754772,1.6072121022212797,1.8289219220318766,2.17643920710353,2.508081527437102,2.927021267211078,1.6970200109678863,1.4887728446233883,1.7332509493856136,1.8287415878981461,2.0981188866797935,2.1993613488095534,1.9036926316590226,1.9336901450517923,2.115404372158213,2.377569375629908,2.0211717673016856,1.8169500515418042,1.738480878508529,1.6659606369362472,3.2123571103695334,2.2916583667349517,0.0,1.8525935142598307,4/19
36,0.0,2.0315594505264944,2.277802918184998,2.51673338428388,1.8238240146513849,2.010818145435023,2.4615047123502,2.728466051114889,2.844150391946124,1.6207380640114313,1.7954089216590736,1.8637844915309059,1.9590960450617512,2.186425025873561,2.131377353200958,1.8310382490851944,2.034172044941685,2.229003036955987,2.50334585379033,2.091113011694588,2.070591311876608,1.8828234290250616,1.7499334373243292,3.2498328172401805,2.393084536740957,0.0,1.871971872024286,4/20
37,0.0,2.136153672791608,2.1630091902560813,2.7255699133883353,1.9246018373822602,2.0336759415767696,2.5365714352707807,3.0737880336615557,2.8368878646327835,1.861549049642701,1.7183343407775105,1.9379311740673801,2.0660718984775883,2.3380101184830253,1.9859548411502974,2.012086098812816,1.9253116089535063,2.4244617617720317,2.5020294125220177,2.0463208766691015,2.1657408085534375,2.043346533944049,1.8227766314870406,3.4794819033218842,2.3343578929101603,0.0,1.8307498724065807,4/21
38,0.0,2.058939574495151,2.4076392927898254,2.833992702269132,2.0334786887144474,2.0585848439027683,2.659986884960676,3.1134340402085274,3.1582195301646983,1.9363011314973149,1.7005490909619034,2.078820904041894,2.03623628289439,2.2796453282211857,2.0094979780250677,2.0301525867171923,1.915082137811682,2.5491225142448095,2.636271110758585,2.03356243925143,2.042381794215979,2.1380199127617323,2.0747804796099643,3.529010498726235,2.4326935482501026,0.0,1.7389438002351583,4/22
39,0.0,1.9873351016912073,2.3592442595890093,2.9240256899638304,2.2035534507710652,2.2112652409586486,2.6954426529223063,3.2215229486883,3.039650134675316,2.1800712895683914,1.8690777246175123,2.219782868831772,2.0263973232038635,2.2999483627913633,2.1019122778873176,1.9564556915121232,1.9545080206929946,2.5776235658347164,2.6429183028910574,2.0463208766691015,2.02816487873584,2.2335347823570686,2.082706702125931,3.417006477717211,2.40612214846379,0.0,1.7476927302849503,4/23
40,0.0,2.051426984646788,2.3840310872876587,2.9256595746184995,2.2396046540300785,2.30191564435743,2.723463929447225,3.1888698482025446,3.047342121924519,2.2825849427916247,2.1091967108289116,2.2292025138266784,2.1945433629408293,2.3546810358310015,2.313376322790313,2.1095231566886308,2.1228411985299274,2.6023864462391297,2.652362680965672,2.0296510634693377,2.0959303107440097,2.401306344219937,2.1652294707077178,3.4605836621468424,2.3886889649777303,0.0,1.9693774643170168,4/24
41,0.08333333333333333,2.057309690219978,2.4902495697616502,3.038362542666732,2.4093394141082762,2.358505780428095,2.875298808722808,3.382921158730857,3.1810751068095477,2.2999570169875803,2.1567242032089187,2.4873169716251007,2.01974268294154,2.359300561365108,2.51729271469519,2.021631300597937,2.1090567280977255,2.644953265794541,2.7411788656882687,2.162855614994754,2.222948603050845,2.3313385133159765,2.373093411840516,3.598562220730695,2.3321123920613296,0.0,1.9999457244437406,4/25
42,0.5079680626286325,2.2498996709310592,2.549120150653,2.977528020987256,2.4599483508103313,2.5478001755981188,2.933049828281524,3.433668505193389,3.2466156388826035,2.3077841375347607,2.2504752234175807,2.437582666148285,2.0548750237134166,2.389735705575195,2.2957297914401393,2.100780224673976,2.01333591158212,2.5387981173748937,2.814254487463414,2.2697357142052983,2.2056880240512924,2.518146329769879,2.3387291115879205,3.7087562611387335,2.4540648669264633,0.0,2.102915991529815,4/26
43,0.7847167827772514,2.157622037916604,2.6682475836189745,3.1302652001615416,2.5813024343456945,2.460486903945465,3.1231417753527606,3.400412670893566,3.227417716799169,2.286282757012981,2.372249204998227,2.483585529391289,2.125106160992623,2.405868169652129,2.281499814712584,2.1782367599479326,2.1301265756745518,2.534639662698542,2.8365696833756,2.318603846714717,2.5079300566201765,2.6584244434437667,2.40572762535306,3.691768527128295,2.660549346710502,0.0,2.0258691162891505,4/27
44,0.9879497278624371,2.2630366920281952,2.769662173278592,3.213582896649649,2.631779975466617,2.5633343951602514,3.0697564805907636,3.4425882593206616,3.2318815788045434,2.4935776345414316,2.4027070706705413,2.599642611547471,2.152012521197737,2.5138303249693505,2.3828720217702015,2.3373118989441815,2.1729155296740563,2.5745553226452333,2.859045105869528,2.5038140922913406,2.5166601653686747,2.7075072191240683,2.4231414802774385,3.5832647784215816,2.8836915634131532,0.0,2.186654651923232,4/28
45,1.1035940721023627,2.3776038159104274,2.7744405274581023,3.3493347851085713,2.7326495009231073,2.873348894286037,3.113251770633999,3.440720130433206,3.343575583036557,2.820573608489299,2.555701483792689,2.774796901449198,2.340341399327801,2.5194087343325045,2.3668541094495175,2.501127330794951,2.2437643133232212,2.722034684744538,2.830454862819677,2.6098446935598587,2.526378461860381,2.909503480208389,2.3529996083071794,3.546954693917241,2.9323886291389596,0.0,2.242730213833845,4/29
46,1.0067510806196387,2.3699555386337408,2.848322671294214,3.356501260533672,2.6708113619209413,2.99817491581064,3.093527348516467,3.4013351961329796,3.4692434312105145,2.7742926216104187,2.634987696625949,2.776835153978457,2.5133766550063665,2.5048040582475246,2.475606266276771,2.4800404670705642,2.4269822222112154,2.6545306724251336,2.906365023204888,2.6379207468226804,2.613282774424053,3.089209017315803,2.4915091172121877,3.7166722035793733,3.070290520977936,0.0,2.297966231350479,4/30
47,1.2204951545033096,2.520333304985225,3.0033363109975775,3.419469630406931,2.957165586368212,3.02602702139391,3.1284782769737394,3.4845952610596544,3.673073054366403,2.9275024015649724,2.8077653234436304,2.957249885632232,2.58825145270934,2.477489516993619,2.6197852399007,2.363214965663361,2.303032834492535,2.6907699960305105,2.9360527473028157,2.537035356258158,2.8823300830895278,3.0915041841476274,2.403280307477743,3.7056084463557517,2.7996774384684326,0.0,2.1695975390454225,5/1
48,1.391486338818142,2.5760126683018076,3.121303152514896,3.6042892406753477,3.04298976008385,3.0101604411981246,3.2025091238035177,3.478998028156067,3.7127989436785183,2.839524492045444,2.889906754348623,3.010963841834687,2.742386335619978,2.459276146416433,2.56138325779775,2.513123893400897,2.311495938612976,2.656787679455493,3.0122202935926317,2.489417234342041,2.9591795598818695,3.143392300294902,2.5313576614623834,3.9129650414230004,2.865880732946875,0.0,2.1273867645788176,5/2
49,1.7059795357478915,2.6130707313777197,2.9324343103465473,3.579456959521043,3.0105079311857392,2.883425484851109,3.284372686671387,3.6068834588083125,3.7304347924842887,2.903053920723307,3.0166048054575967,3.2218509139344955,2.7095917654675326,2.3853895722565976,2.7396128277035245,2.629057316870251,2.2271580685410073,2.6665197746192892,3.1190935268674274,2.4015550082135855,3.060121835653625,3.1775102888021665,2.6164188239674666,3.936707940174161,2.9939621302251016,0.0,2.257096190246761,5/3
50,1.686950838924557,2.54738060962888,3.136579872687776,3.5610368306445204,2.89305265490593,2.826026774867106,3.283313795561688,3.731136312548491,3.9092273670263964,2.7889223204076234,3.2482364102769115,3.39931321561858,2.8176610105602493,2.526588965360343,2.7411944014429266,2.8531618967776815,2.3374785709940693,2.7404806785508353,3.3933016120293202,2.361674150889547,2.9607775125102553,3.158277315508536,2.774617679770424,3.9630798804974012,3.016003890045577,0.0,2.3340263593039534,5/4
51,1.6940780823243677,2.764618166251527,3.2404252187540528,3.7225716297086193,2.960305868578631,2.947690056291874,3.3822548547397617,3.763391895516836,3.812961167274306,3.068441450298027,3.338165243049909,3.4702145891224507,2.8109798887389625,2.705891560839968,2.903513631438272,2.9515942856465007,2.482693839711732,2.8201474848004344,3.547262407063052,2.5546117365293823,3.1113621501590765,3.2724986916123115,2.803371908775315,4.038005155870434,3.093062964361616,0.0,2.207035423205074,5/5
52,1.6674167384371998,2.744860682008412,3.342070979053812,3.695595718324379,3.046104179451355,2.9434829366189543,3.527988416492311,3.8537081070173502,3.8290791472466754,3.16875803500569,3.5911320100639927,3.56866238675193,2.948969161134491,2.919939462820721,3.0296730163106087,2.981213492779723,2.4373374233587413,2.811698410624954,3.444605215949536,2.61279893519502,2.946445689874739,3.2656639126394293,2.926145644467018,4.1204336618651025,3.232061095595322,0.0,2.320252374320128,5/6
53,1.7742465993015495,2.710489741474442,3.426593587070428,3.6779890096987544,3.0768526825912805,2.9290966337040474,3.632604651979268,3.8265868775909744,3.970304130005081,3.209525260497793,3.6570364317761075,3.6714025155026477,3.0003889392468515,2.8680544668535064,2.936812288107387,3.1776679603859566,2.4310127713760616,2.8561911086402056,3.2834428239241036,2.8017502932315446,3.225254518024571,3.4484031992417,3.0462596229485146,4.142070922541138,3.3344397631736467,0.0,2.446926328288327,5/7
54,1.7522671447347202,2.9409647319905705,3.485987745028132,3.8275531410999215,3.1830697332653894,3.0308641906431197,3.582128181926992,4.067960921375728,4.238869782883613,3.3834248625385293,3.700901005913595,3.640278017393749,3.2634858309914176,2.8196709486962526,2.9014465137368135,3.2945694124806564,2.6089221655694996,2.8949127749262984,3.381750416500306,2.799646418350155,3.4126081679751272,3.622936201490123,2.975355424486047,4.360102569566711,3.62374930179052,0.0,2.66383122211989,5/8
55,1.7706803316597204,2.921459561846581,3.4818636491021913,3.802582642933242,3.153792454182126,3.294567743740673,3.689808614886258,4.067710901330616,4.242062408515677,3.524621764456729,3.6035632439301426,3.5048545478575974,3.4266272331671934,2.8778720346705207,2.9538546367666654,3.393326787925822,2.705550401454633,2.903741200144522,3.426320280491574,2.8049611913454,3.476996078053974,3.708045126880591,3.1839314017537164,4.33365116832582,3.6598307493443145,0.0,2.7734879294096078,5/9
56,1.9658194610022963,2.8665436498460064,3.5010016728925315,4.015416625663492,3.282129132631232,3.2566463810789776,3.712277516850228,3.958649010637179,4.256030253462928,3.450697032698008,3.7432255267464303,3.4134435587926935,3.4806759130812774,2.927126404360098,3.1109577311399725,3.369853281066366,2.8183165530367273,3.107594119726637,3.6964906038952035,2.8829857835566215,3.4557351881891165,3.909121124044122,3.265017652984539,4.399733087201292,3.7166890960552887,0.0,2.668321085589554,5/10
57,1.9499311378560507,2.9854175882904763,3.4949941561765674,4.173318699373236,3.2987355787087993,3.2277570095118455,3.8397512083472845,4.109787477367357,4.284415184786464,3.5643801101620465,3.8742133456729384,3.5044601276079086,3.621235381438661,2.9080189761608803,3.083708276784216,3.2672721809583174,2.7589593994873955,3.1359047471382677,3.7069633737872363,2.810722847327223,3.440034859128399,3.918403275229668,3.300390070341972,4.210884474007933,3.839635836811361,0.0,2.8765482007930605,5/11
58,2.1889534490384945,3.009210575477122,3.6526046692368457,4.3029023503517445,3.4463600556153065,3.215508591629117,4.042600775510754,3.879902323736912,4.375022482167733,3.712367026341297,3.9320013142113974,3.505831665262727,3.797348835120569,2.8680610087381364,3.105477682135914,3.3575007043214598,2.8510157947627253,3.126112375020931,3.724159216038517,2.9172774737074145,3.527682021203088,3.9954865075661825,3.1756012484879754,4.329532764631989,3.942706194672475,0.0,3.015014193907692,5/12
59,2.1708127952243212,3.2721382084391095,3.6794804042612994,4.306021870937354,3.4703791906204984,3.2880942025290545,4.128882711466907,3.9812441889028203,4.535605184161416,3.7692791136249046,3.8064195091942,3.6000895919559484,3.696906022291618,2.835507929017209,2.9803400230435493,3.364554710577123,2.986941901667032,3.066122563536005,3.8705450259704715,2.9130147197980016,3.4270000404243284,4.148944919466284,3.073724983887036,4.430760604769881,4.048221207362507,0.0,3.1080949974052205,5/13
60,2.3323626801322437,3.5048041673401897,3.883604832634705,4.467354487904303,3.573744106126513,3.4009569291756954,4.206293421247072,4.17401914746917,4.509582857784991,3.828735319660247,3.973748969915141,3.6369036283486262,3.704318914900893,2.7476445017580975,3.106400419809498,3.218616497585696,2.9639514735105337,3.1273402112872533,3.899788432530572,2.8992598288329425,3.544633387029221,4.173439064233336,3.072923303612153,4.545674803590631,4.2574875898514515,0.0,3.211550384277084,5/14
61,2.108420243945148,3.5554405692653823,3.831717004986471,4.433800954760308,3.8192766233254574,3.469090577282588,4.3259513638513125,4.302179073671767,4.865057058443823,3.872991815816612,4.071299752308396,3.709189858279764,3.7726639863605436,2.8851825036721035,3.3118210273070994,3.2602232691381645,2.779116430415056,3.074181039073356,3.8324541861728227,3.0479021134877535,3.5884145187111662,4.094398246624018,3.0690877804029117,4.591546720028265,4.489029815214619,0.0,3.188219400997834,5/15
62,2.1841659620139904,3.5345303693035817,3.8204913064996973,4.525206242636519,3.733687713936296,3.5421554528405914,4.48260981535767,4.524248305370139,4.857514374697734,3.8139477154304102,4.134928200893852,3.6771513598788004,3.719817204260663,3.074269491945426,3.420724547686353,3.40321598780562,2.917307538009054,3.1180078509296774,3.972060499464518,3.290498098098046,3.6709166240611153,3.9863192123406996,3.26582865998421,4.6211303878986225,4.5200274441144925,0.0,3.198963639993041,5/16
63,2.0643901715482147,3.7438299823349723,3.748886162665467,4.5729068614097095,3.808984019953172,3.591438855892117,4.489365941258904,4.640263455440367,4.804491465993921,3.8342703804422644,4.137072173178906,3.7417438457883443,3.9158884029373087,3.006049473468835,3.6268827179605103,3.6616199700685375,2.9928650809515727,3.1458954078973154,4.253843131561019,3.246763950925768,3.840181473762256,4.011883063101021,3.366705938202712,4.639766368752448,4.621040829576645,0.0,3.220200022079728,5/17
64,2.063880548098436,3.786910792523774,3.6659263788184835,4.387454949576328,3.8513620286801724,3.723661581807905,4.574551929111711,4.68663203263296,4.893270714583731,3.798655529106879,4.3409324680797505,3.889349938899668,3.9547974746662704,3.06577835997273,3.717894746471208,3.7591827015369965,2.942772708178649,3.202825227741295,4.3510630994097035,3.2764605132479443,3.6798363760217945,4.064727772561101,3.307606998213442,4.470821903450504,4.644493466701973,0.0,3.4657032890522927,5/18
65,2.1385136156113993,3.8527905267537554,3.6877859078889212,4.495242774719652,3.882792826049449,3.732121565113746,4.710421720307095,4.539579553898437,4.860675740792151,4.020103176122969,4.162009652170731,3.9941781415247153,4.082793328858565,3.157006958440181,3.813412610673598,3.7767402710663203,2.7818898491769146,3.2273757692990244,4.510161260712409,3.1993386622509714,3.7272462967001014,4.1628432608029575,3.405570374769995,4.424386552023798,4.656182495852825,0.0,3.695916784987967,5/19
66,2.3060887051310903,3.7093975381010114,3.664793543474239,4.769702705310777,3.884900241908561,3.7930790636372804,4.505602730836678,4.619013464319429,4.981043307178151,3.9315014675316107,4.330003417596381,4.029922918332383,4.162518751302361,3.313393318651857,3.717839218244949,3.773250534497979,2.7498078467580327,3.3121890953178657,4.485783500927689,3.2928045756904414,3.8876219296302192,4.210015954931676,3.336670721753895,4.498912343455555,4.878144080080529,0.0,3.7325388804801327,5/20
67,2.4953834280086653,3.64902611161714,3.734271264300414,4.999354764782891,3.6972593748277087,3.8255706970624277,4.4447175642286965,4.5907999398557005,5.002657411823459,4.08807706350168,4.556391595186463,4.095352927736134,4.177159711226988,3.491585955321534,3.7175618916092774,3.802423358842526,2.8199584452573667,3.3789791956010764,4.6218476054701165,3.4855732224676608,3.8312309069561086,4.26334554454256,3.310994022792551,4.617791087320559,4.924578003741957,0.0,3.696314146733249,5/21
68,2.548693843358126,3.690548367027983,3.79179729462901,5.132069688118114,3.7267164914701034,3.7982794306734693,4.417993606075078,4.442689007556461,5.090806373867199,4.2979816921162834,4.447186114288615,4.281849023516572,4.100482268503067,3.5111935502066562,3.81609996718505,3.8579534213933466,2.9898582030178926,3.598112723222193,4.744307401201103,3.472496778127151,3.8844210541623316,4.49369248006603,3.4580069503955913,4.549645468889852,4.965174661859099,0.0,3.8444040703279754,5/22
69,2.714782102700467,3.7832230933307223,3.713546030602894,5.16021207569833,3.704855804913319,3.856768867592662,4.616564898354112,4.556172991358453,5.042492996713155,4.368123169063121,4.589217862751728,4.309571070191564,3.9628943761652913,3.5670924036287253,3.8207326116898397,3.883583696268291,3.166398767963203,3.4820711746242083,4.775911627648145,3.705057977660641,3.8104139690919236,4.649607149606419,3.618470519907991,4.516587532419135,5.119390708233248,0.0,3.8435727107959923,5/23
70,2.820950042916827,3.9373388353704875,3.7689466760972503,5.087768337276987,3.750439393731114,3.8523854016827337,4.7105406496066005,4.695165954519285,5.117143321755967,4.406476410930214,4.8328491158358915,4.409539146657408,3.951675582079773,3.5184406219341398,3.7851590382029845,3.911197420746285,3.1274005415857555,3.4834538135705855,5.103736479591929,3.5907301740601505,3.7140788944435634,4.8559550973291445,3.6279904554026925,4.379235899177744,5.266482293199514,0.0,3.8778368342204685,5/24
71,2.6797840321304953,4.059643579091186,3.778855676147543,5.112600412726651,3.9767073413004828,4.039355973190275,4.861543732850188,4.72035158535976,5.180033512263304,4.390998845949601,4.950947751102411,4.497330622111536,4.080150581253813,3.649569010102244,3.7719961574845318,3.7510346134299,3.177196334145812,3.540763849423334,5.25117330022938,3.6951922486440467,3.789695374892123,5.05451000255717,3.6108644795358438,4.558419273421641,5.567176541471561,0.0,3.9753722733146106,5/25
72,2.792176845165075,4.227885942953642,3.7894446822165375,5.352991324495374,4.229706358945685,4.067181222702851,4.946736378328936,4.769419019217874,5.1240745726133925,4.3687329253059515,4.997301109073049,4.408677790263463,4.2415314654806116,3.890958886579855,3.7775848613700576,3.665423049049369,3.189781564099119,3.634076833380668,5.328133574382263,3.58644021886156,4.067903895692525,5.027780373893707,3.621632464239705,4.527029687540488,5.631592507968922,0.0,4.097159254639031,5/26
73,2.796051547816068,4.446225919305118,3.690445347866582,5.374344531212785,4.18327927084639,3.9712787981040605,5.087821264633478,4.899463520672634,5.174752440388984,4.4391849244299655,5.06931151279192,4.6160730524010924,4.407333195530454,3.822169056001188,3.895586827730996,3.798354566395989,3.277016686714386,3.971358368392186,5.279258606166223,3.708722501189358,4.157702663361504,4.90690572714184,3.6821392778053696,4.7261929708204224,5.664536112554463,0.0,4.368666211842016,5/27
74,2.98887966750325,4.408551979789994,3.8032754890128064,5.3473206818991885,4.217074859340397,3.8843854001147107,5.258853495375251,4.966059449203832,5.237057622911666,4.4665364489248125,5.1242974484813,4.760788978591331,4.370316725564099,3.7231292292007985,3.875284315575651,3.928672077205626,3.2589181223112553,3.859056989483078,5.337046105699069,3.7533850752150015,4.000740062184835,4.771282019263835,3.7456944721614462,5.019809626838919,5.672665724352174,0.0,4.528927389737482,5/28
75,3.103835387755865,4.4276831911705505,3.91999617351963,5.430724746674208,4.18144988163327,3.994235116938047,5.416357104868563,5.086233200783523,5.209609272797439,4.451370639849631,5.215557924140798,4.793218161408952,4.558590074230157,3.7862246219669946,3.9323420473853568,4.194589663666277,3.3893942232004726,3.682900810360715,5.220276782038378,3.6996593579431036,3.8304881520496674,4.88757659904661,3.722670003485311,5.174691332283447,5.719342594954207,0.0,4.659049344428282,5/29
76,3.2929802155336425,4.43056467972946,3.7667925046244375,5.395161006736726,4.185921549158443,4.0209951779573165,5.68095211113981,5.24613237859604,5.286852307810786,4.606140525106592,5.272064445109861,4.750507935157839,4.622174745715958,3.7997458436799083,4.077512730111874,4.335962741948265,3.452879790937556,3.380656620772173,5.24988084891378,3.699099295811642,3.8786485859999296,4.979581956707213,3.796339367625219,5.172201295767946,5.713382311015143,0.0,4.644716745267888,5/30
77,3.3865547156231437,4.751133922382117,3.857885936763324,5.518624335998857,4.354466203028212,4.035016629511133,5.802859948455691,5.25229012795308,5.213552839307165,4.5155758200805804,5.178452957431264,4.729147546801689,4.713208375404935,3.7810520390148956,4.17711010589201,4.548618134273801,3.4321702033440515,3.343138128386577,5.091806295135179,3.724365830987527,3.7963626668792316,5.221016795474557,3.8402417892778087,5.321117824251482,5.73361871011489,0.0,4.8802405389735375,5/31
78,3.4214411241734677,4.6821087553157765,3.7975157088936506,5.622222848064541,4.433526557163407,4.015634039922737,6.0401019811412935,5.19598093990336,5.280670116822858,4.55527195162536,5.144961531825735,4.75951976999984,4.703253311216922,4.00865115351949,4.099780882547718,4.510853314692661,3.509334239599609,3.361524832069936,5.208374231065272,3.9124649490980308,3.9768257243862934,5.181584443320326,4.081242452399779,5.353573765567617,5.875114752693855,0.0,4.780536387461313,6/1
79,3.6066151084922127,4.814160999465099,3.816367512413747,5.893094275746482,4.493198771467674,4.173082630401545,6.123714355991221,5.153267149407566,5.208852187431477,4.6340676537354435,4.952639424887488,4.74911638599238,4.79883734373304,4.13434535433701,4.105384880842867,4.666712193307052,3.41817196600881,3.4410617217601236,5.3238274954407485,3.9347921969394903,3.955047466719176,5.200353873375292,3.970058467302168,5.461874816876378,6.00836570010902,0.0,4.80180216262351,6/2
80,3.7913820447025013,4.848481120185262,3.7944230422534937,6.104208806505433,4.43075225956772,4.117587629034354,6.340346430081788,5.255487013400483,5.354692398780542,4.633246032986217,4.982180610034294,4.863435061120516,4.902305117500384,4.324532068799197,4.16676002818637,4.693651317658891,3.600485286198315,3.509420386515227,5.377452635147346,3.8442958976104507,3.9310415950291975,5.258083601506622,4.0166397404498815,5.485410642174757,6.159397940368694,0.0,4.895716470724765,6/3
81,3.940991556406095,4.785602005944438,3.8895435895850703,6.207338286321504,4.540297342595548,4.034678162685337,6.520271190285569,5.3628386740399305,5.510309674176693,4.618633144778389,5.092722641898174,4.8100542738770065,4.87448988890529,4.35261278585182,4.187918583562655,4.669483956077427,3.616463404930201,3.455845352076859,5.507973912661524,3.9635155407477924,3.9889506092513294,5.2811461913777284,4.231449358827762,5.494463422338481,6.139942767472139,0.0,4.885697910005217,6/4
82,3.902825588349812,4.97841419339225,3.946673850645496,6.217441053918009,4.611357908910958,4.016618044196502,6.580959991736015,5.538928834120046,5.626730925182404,4.723875585055061,5.071175484446482,4.724046497268312,5.000350538730356,4.403597874766636,4.23932595224781,4.847225960724567,3.7416162132440594,3.4854976253838146,5.456624798280552,4.010410565494585,3.977817051747369,5.3435799797222785,4.247919198852358,5.578518275017472,6.057093099040529,0.0,4.979684323973783,6/5
83,3.9563808939494916,4.994207733482491,4.023039561265178,6.5250526166136895,4.6094426347216135,4.069236076250561,6.680898352738427,5.574883254124177,5.766267497139047,4.81617547308993,5.315201723736419,4.829350012801036,4.848522675166286,4.400137125658966,4.159721176138715,4.888631177429716,3.743691595878827,3.580665782951075,5.564276746837346,4.080446743698857,3.8951362623486485,5.39082444950366,4.274833867010926,5.556567841388769,6.258748952389609,0.0,5.089359239112922,6/6
84,4.060190432495978,4.97969237614537,3.959993943039441,6.7870810196545355,4.734007773871263,4.2386129965771335,6.805612840248365,5.616423991426046,6.023783409607213,4.820757925562466,5.377991245942382,4.853412070337816,4.848431076981864,4.5975582222657385,4.183995403091864,4.853395215562579,3.7246307172326136,3.6911308181001203,5.593781165234794,4.069221532015755,3.985560275027104,5.4067343435873925,4.312327350605852,5.572894463364066,6.441406215474713,0.0,5.135373470226534,6/7
85,4.108280619723927,4.856123154094099,4.030667737590972,6.999269802331767,4.644090603205151,4.304192199758562,6.889822964978766,5.802483991515814,6.325492422884847,4.96678974901969,5.415437680970167,4.8794776062485825,4.785446391014156,4.730960187711419,4.201133611904537,5.070040025117022,3.7814716207808274,3.804261621262411,5.5183806776647115,4.227296861146192,3.870993321501199,5.381801157813925,4.532080583013221,5.724538259137451,6.602721978721693,0.0,5.342212593043409,6/8
86,4.307687253783347,4.95845664887038,4.191073947501702,7.148970696658192,4.705760646709792,4.370073649556953,6.828638041290817,5.825021568221637,6.324117779068705,5.064805650989293,5.435930455576433,4.909331610450736,4.785987392128402,4.636991412860945,4.318979459541009,5.135049361014846,3.7896840588463063,4.053782813016782,5.655155831569792,4.341696253853661,3.8410099967617413,5.52061073139937,4.661771046071277,5.952331653070133,6.888810848913413,0.0,5.354967383227751,6/9
87,4.217768031484463,5.01208786172879,4.3725779643048,7.138473092405221,4.60339454543523,4.352921277815555,6.880165860747372,5.842345578790645,6.389625293878187,5.103962861361686,5.5802361916243965,4.834744156793637,4.757646884298135,4.626280904631412,4.317440125163734,5.0627067530309695,3.8660320580732157,4.27905683460246,5.687710990632527,4.226844531638442,3.9479278433500884,5.49822849779796,4.656829496988692,5.919366092997261,6.91113741491514,0.0,5.427042241334455,6/10
88,4.360976605446025,5.031648869402974,4.402394396889263,7.113943549317471,4.775751057033077,4.437456518443713,6.825690852132964,5.875392924372702,6.593303962685272,5.0603856979775115,5.520911559767587,4.91520391358449,4.731589653621097,4.658218508203938,4.1883488611650455,5.158955932926282,3.9830771972776025,4.375086919082551,5.682326624305017,4.095514757358193,3.7817859244405874,5.630693503868727,4.6138479375717685,6.086520328870996,6.989014610009858,0.0,5.788283040059034,6/11
89,4.529577756776928,4.883906688963095,4.387936041942031,6.968461652504478,4.7860853293764825,4.598624419508943,6.801909923849908,5.9522066413580115,6.745307872003694,5.03702658833789,5.551390763509047,4.836640061883992,4.620773628534365,4.703185575058625,4.32242656769896,5.363262085511553,4.128500986480973,4.414602872743994,5.6934221767802535,4.120279912590489,3.919942427804552,5.714319624793675,4.5129875211787205,6.196130235272474,6.851827463668623,0.0,5.942023830210295,6/12
90,4.658203466755011,4.717054892820648,4.306768634296049,6.922537502134645,4.8490023690777955,4.589200390203678,6.796545215172995,5.963707937773034,6.86364356661191,5.1737150077574485,5.638972579222151,4.936828275941951,4.726379474205232,4.724494887604366,4.3153159856549825,5.31251533795047,4.118171909456478,4.487803293719721,5.711519474713999,3.9753653618208307,3.9910072918098503,5.667244605735046,4.600393001637003,6.242074614565717,6.935120103494917,0.0,6.193152708614961,6/13
91,4.557576199613353,4.8330034695043755,4.476554183673394,7.020886273785803,4.904979561636673,4.760213332016524,6.7808465048557345,5.98210258589841,6.8517815614461535,5.207731725400887,5.67636291897378,4.8790266176064785,4.723223396999223,4.685712721491753,4.228944119067465,5.3558107033116995,4.1412641530591765,4.412337808303729,5.625646855570468,4.062237917056985,4.182240912108581,5.81517906170451,4.687845113555106,6.544432495791675,7.079031474477215,0.0,6.3151324119476575,6/14
92,4.6049754333078186,4.981635119680681,4.608893105996672,6.969848589004841,5.007973110642861,4.773985267965095,6.860757345813382,6.076437657755129,6.861923487689427,5.380053035479921,5.5964879947751065,5.005230889007973,4.8573544343784,4.688326331220643,4.295984621518839,5.55722857638458,4.273693379252733,4.495888814540849,5.452210000350244,4.126341452329407,4.347190146608047,5.905436118202837,4.754873749766815,6.705996325819108,7.207828872430241,0.0,6.521681951432666,6/15
93,4.530596700375263,4.843853083728262,4.584317355973241,7.072827557503515,5.236400181122835,4.667962976462012,7.011069556539593,6.18861913293443,6.865424425005821,5.428856737771028,5.4628766837619365,5.034135008853137,5.004838290555173,4.731218735528426,4.585887657839411,5.7337770232532685,4.272115257591562,4.580314234817547,5.542853947252183,4.069248536760753,4.444405022910909,5.999980142911109,4.891560979430651,6.783039028178085,7.2275155960152695,0.0,6.725526173080109,6/16
94,4.583701067422045,4.745504798460944,4.717346687966004,7.160813371860702,5.452440237496415,4.6150120973137465,6.918081131170908,6.141473767137051,6.910667603360628,5.443350517526323,5.589111338067693,5.051774989208165,5.035807980561194,4.721193233172714,4.501270234281123,5.9027343809659625,4.181332218415877,4.602440790419248,5.610082069519564,4.25057770584527,4.579172928103772,6.1595340681885515,4.986025302517519,6.734151361935466,7.169528456375751,0.0,6.812595655275939,6/17
95,4.6337049161907276,4.858610591468286,4.554607858724273,7.229222511826991,5.579242797381326,4.729739106216895,6.9330700909968,6.2547304198413345,7.097194781965405,5.366299192938311,5.7293464177537885,5.267085573931475,5.219511356778155,4.820839841543358,4.410645520363164,6.020048533459277,4.202104385139513,4.716531339868671,5.628046352101966,4.19505459876103,4.714052003098293,6.292316505225198,5.106329388376488,6.798056515270009,7.138139689398565,0.0,6.6637117705090985,6/18
96,4.500037652097856,4.841949589152246,4.696121468332424,7.281155765868763,5.641187306261624,4.792499194588554,6.994835700034969,6.262715893438476,7.212285258491349,5.370012977155917,5.770116626196557,5.263660443674738,5.388431648851989,4.901458399959737,4.3666160507947644,6.060886200403693,4.228044962878576,4.609975153410203,5.643039825268185,4.119888711120059,4.780450720986867,6.413373794492301,5.164107402992934,6.8455271393438295,7.198697487932873,0.0,6.69718409704613,6/19
97,4.494427105046287,4.905702185418227,4.713799473876122,7.2986119570240175,5.642383333741729,4.80041352695686,7.072590566436721,6.426530589145148,7.2106138291904855,5.333235895919244,5.919290659727018,5.301023562370818,5.5637692678474435,4.756359514851952,4.307130235359518,6.173454209273943,4.266136022033495,4.672439163040106,5.62945583325149,4.139912859026778,4.7998656541228515,6.49816457295934,5.3095268389138655,6.80236691466435,7.124384644874315,0.0,6.793156110576008,6/20
98,4.602525574807838,5.070512480894734,4.970231184343404,7.406623132014126,5.641949848875662,4.849473999327521,7.250432785541213,6.406062226582617,7.371591647474861,5.421035763572315,6.029991186297361,5.318208290467752,5.469278932651727,4.808960174577729,4.418992734512519,6.096173984286782,4.252170902610428,4.649610775585749,5.6033566047151,4.2664177011871285,4.598077052862746,6.350809432056153,5.49927666266705,6.920255218579444,7.1154940920365695,0.0,6.7807320559328845,6/21
99,4.7428330045530505,5.156076764535942,5.22219759512865,7.498870983029192,5.467403095740964,5.043172496125099,7.194234628902727,6.444659240209599,7.440510292434868,5.56991068119106,6.072443249684795,5.342652060470097,5.571100133329117,4.875916700946711,4.36695676518431,6.216706356455205,4.412320210248915,4.771391597887617,5.540153504564696,4.371126972278837,4.641873390524538,6.546023477755423,5.6453636901659765,6.7849289151681615,7.165088830808956,0.0,6.886052093177166,6/22
100,4.56529617765075,5.163440318555427,5.07685554469168,7.6109336709617885,5.66256834212076,5.169935604871933,7.160732715923562,6.518958475099589,7.507795475186729,5.604914045419385,5.8975160561998985,5.627251326039464,5.692487160005455,4.884934404348312,4.568935831793207,6.33317393791076,4.485513582452385,4.832047429254957,5.432547525373271,4.5150199337619705,4.56069112645289,6.475952029475461,5.699108570539372,6.748079354344104,7.218078582654235,0.0,7.050668061242409,6/23
101,4.654883266125169,5.075720170166183,5.274002205865944,7.536931528093402,5.820800551498668,5.1669676508438895,7.187655591709483,6.408035983412799,7.7133230256578855,5.731027222940605,5.933677165128844,5.503452690648589,5.76125552691036,4.906667217689642,4.773418129881034,6.377778420261042,4.571695116878584,4.839888589326486,5.370768408740997,4.469365027184463,4.605509985229259,6.5870880999543395,5.808717950991956,6.889421012273985,7.346818730349626,0.0,7.177720807071445,6/24
102,4.714220208775999,5.153032035536646,5.549887070100034,7.620745260878992,5.767302645501757,5.395021787850063,7.232181561027424,6.221686539722083,7.564512344055637,5.8577373299888755,6.051480578525896,5.583230484178427,5.738058267767315,4.962471655275239,4.809056431092163,6.3853938750807435,4.590374391167269,4.670929412918416,5.383371751076353,4.720395760599687,4.717967110233282,6.675917234448408,5.753286095960121,6.829970963136609,7.506240022916818,0.0,7.122666395805015,6/25
103,4.695513809508166,5.173927609026928,5.549236134257075,7.696605201967124,5.603248421812231,5.380593290443998,7.314418290258811,6.4968595047830995,7.745070761622036,5.831373893897879,6.121958632478744,5.590414926318215,5.7355856856389495,4.9435990255115945,4.887758957629768,6.591143459271874,4.624593118348412,4.801733859197472,5.298114128680662,4.77634972748197,4.781423593511227,6.739106191074705,5.851145274784765,6.917159151294981,7.574430849357678,0.0,7.1849689226662505,6/26
104,4.782624174869328,5.169105732566112,5.522454214256142,7.725700645333003,5.6362923285610504,5.285240350130709,7.211513358956821,6.527695829113033,7.860163360684609,6.016105548162518,6.165891117908619,5.619014633406011,5.774142943619032,4.942239283376288,4.939274215041322,6.585838124122964,4.653359706980553,5.003894410632978,5.300830857468026,4.723175230329992,5.019441436430254,6.852523753093828,5.710831835009626,6.979441145128369,7.722582520591359,0.0,7.192730038046644,6/27
105,4.801293128809077,5.006440007432697,5.406311555008659,7.670210980329485,5.857799397396182,5.327118458567456,7.042477582898765,6.7365877414045805,7.936185028055344,5.99505066511322,6.4064931597536185,5.736234815961189,5.812255493622188,4.886704516165881,4.99014513112903,6.567829707091164,4.851460348606981,5.111739034815912,5.6767981445893865,4.892375880709526,5.202169908877643,7.073090979927517,5.66010649702232,7.2286502693206005,7.568842672281067,0.0,7.2247609694673125,6/28
106,4.890613536715728,5.228583707164741,5.599953644677097,7.670210980329485,6.089924867760284,5.448866534920118,7.183992788878577,6.757155542977419,7.987989444959601,5.98264637770252,6.4742324955356745,5.857300093031963,6.098190592620102,4.8520979629471315,5.069635599356714,6.511506557606702,4.942170345499259,5.153639917219523,5.627030433364802,4.803754555393855,5.041831516701912,7.180464465977908,5.766411003203977,7.252438871006521,7.696217066878133,0.0,7.326858621064754,6/29
107,4.831713492933534,5.4337398527971,5.6769592124726005,7.662010988236152,6.03899833296112,5.374919918098937,7.403313999243434,6.803542514880697,7.9404768925502545,5.961882584470575,6.43472685962655,5.876377945072189,6.0355430546545845,4.95482726334561,5.136669765920048,6.435309170351275,4.96452150531858,5.056488803207976,5.746187397953783,4.914254613038724,4.928052644776077,7.315054060239366,5.8038721443590475,7.172383765271994,7.824201144993521,0.0,7.354886009551749,6/30
108,4.821693890339827,5.399835613218013,5.723137090428737,7.869645380637851,6.193343241506487,5.3960705566990805,7.626783721507555,7.053696976514046,7.774485756272987,5.974388508532214,6.600808848925953,5.803573912373121,5.958684223734064,4.965499876824205,5.279235788403385,6.370757651508677,5.108353833054488,5.092639400036455,5.6204690557612915,5.02758569166578,4.860367251514512,7.569996669403545,6.010378734295046,7.235163377862968,7.794935854188329,0.0,7.438087533680917,7/1
109,4.951808140929165,5.525634319684361,5.624171104805942,7.907295175712321,6.362985307147639,5.468233013041065,7.83822941216544,7.1240605403977915,7.93664595364855,5.880666739511263,6.779150398203925,5.710761873446007,6.094152703973787,5.155817348309609,5.370733873691953,6.544485915987132,5.37099570634652,4.915329042817684,5.65384235279081,5.137671450156239,4.684065506484575,7.383804976885596,6.068080561080915,7.353774859231096,7.823219983351302,0.0,7.6600268344209885,7/2
110,5.0971222259628695,5.660919204856359,5.60366810573003,8.065241036183538,6.473479083574136,5.49655460761976,7.965556668087487,7.229987841107181,7.809025501733298,5.980802447984957,6.97633017108715,5.534000317058901,6.022669501885915,5.237242747042051,5.494032775544753,6.65925340395065,5.165260075029568,4.923220610097423,5.6545224812201385,5.276303488589709,4.709963330547598,7.529150137346211,6.210514430247247,7.686928217328453,7.918059033991272,0.0,7.6763315154924605,7/3
111,5.223299464666186,5.677693008350437,5.781981292252621,8.045726863973902,6.368384570870881,5.372326624200948,7.890650852104744,7.342714335405664,7.76126118179928,6.030992599351809,6.9990414522340165,5.5545164200497945,5.936336697355667,5.362657227908144,5.470860597452478,6.711184468020253,5.3250449232534605,5.007356655447264,5.814970641171073,5.299935939430519,4.769794570116358,7.630772488937981,6.292004270147715,7.839996673332508,8.085744676650863,0.0,7.791954440392485,7/4
112,5.1943630849815365,5.711931705192889,5.958202584834077,8.357887489881747,6.397184360204958,5.450509590534975,7.899197376190679,7.467086503576621,7.599514350217681,6.127766625428625,7.0971712378917085,5.551545732214005,6.06264849417522,5.26535603036436,5.529836415388779,6.730617413920979,5.4930502750985495,5.202648993371132,6.030221211104423,5.381031251984962,4.747633906113264,7.557815527698861,6.309926195965651,7.85496988640208,8.186429520262513,0.0,7.745689857695975,7/5
113,5.4244941366680335,5.84475493297293,6.026296876554699,8.357887489881747,6.423991813999326,5.541101981357908,8.04926860911902,7.5735408073530595,7.658436937586789,6.257037027521052,7.155387497102332,5.7740214506728655,5.9279865509358585,5.591680506084174,5.436034232869198,6.92280448621721,5.5052422112559585,5.213128676830754,6.050388023286911,5.4875110607751525,4.925315241434213,7.599009846742092,6.30925421134911,8.034379596008348,8.133195984488669,0.0,7.512395505472184,7/6
114,5.54708923104942,5.8157723583677265,6.026296876554699,8.357887489881747,6.357759291373886,5.485306569173955,8.058322808855422,7.603298345229661,7.757940662215597,6.402342428159561,7.024065438739027,5.691288805598416,5.879890539785047,5.677804777203544,5.58837394232008,7.070566317818372,5.71032634140106,5.485002099662201,6.142597296434784,5.462755606250745,4.886378393016181,7.379876115863746,6.6465833070369955,8.351917844328627,8.254372249587874,0.0,7.695143639563619,7/7
115,5.6042772930030464,5.8157723583677265,6.026296876554699,8.357887489881747,6.438552030829139,5.546888530748376,8.232609195787942,7.603298345229661,7.7335207389216025,6.4474003854878745,7.1396188418323945,5.734370577320714,5.7162498137183775,5.7881662495076265,5.762554392812787,7.058947155246108,5.839991281364285,5.615996404038313,6.207673401628301,5.350281869157942,5.003259411433308,7.566851011142646,6.4787366492645715,8.37801002416001,8.254372249587874,0.0,7.7735703374052845,7/8
116,5.654134045198561,5.8157723583677265,6.026296876554699,8.413520885931243,6.467376206139207,5.5937335490572195,8.232609195787942,7.603298345229661,7.745928093022794,6.541067163561944,6.7902662418000155,5.7052301681453095,5.7162498137183775,5.794322277503636,5.9086774893261,7.105645536020352,5.922815992599425,5.615996404038313,6.307074251636522,5.278496181424212,5.041796530555508,7.666503179117927,6.531517551339351,8.308639752189192,8.254372249587874,0.0,7.895675029000723,7/9
117,5.654134045198561,5.8157723583677265,6.12781768106564,8.39837383086069,6.43550108534535,5.5937335490572195,8.232609195787942,7.603298345229661,7.6366230001602835,6.683838914682405,6.8222489819426,5.7052301681453095,5.7162498137183775,5.861674093291501,6.191763412083515,7.021075112678241,6.162130923190724,5.615996404038313,6.4025779803128815,5.32915626274865,5.157039055870312,7.824655418646183,6.531517551339351,8.305559831489921,8.254372249587874,0.0,8.065623530468061,7/10
118,5.654134045198561,5.7139554405726924,6.228444990987215,8.402611029525941,6.385927074623205,5.5937335490572195,8.232609195787942,7.93633014502021,7.9727186036165305,6.822150547418278,6.8222489819426,5.7052301681453095,5.7162498137183775,5.781215258507824,6.067954281115699,7.151408676487018,6.162130923190724,5.615996404038313,6.507146693554326,5.340382211590708,4.993184635533104,7.824655418646183,6.531517551339351,8.39523950566562,8.256854015102753,0.0,8.103461869634032,7/11
119,5.51222221368828,5.961400760596747,6.3616404929731445,8.416510106733249,6.385927074623205,5.5937335490572195,8.200175611947456,7.9944027114034,8.094471376073185,6.822150547418278,6.8222489819426,5.7052301681453095,5.820329853206933,5.922464564019772,6.208174278048415,7.151408676487018,6.162130923190724,5.615996404038313,6.611893736706993,5.410047933428015,5.248758143162461,7.824655418646183,6.531517551339351,8.516090857412506,8.36150262378755,0.0,8.103461869634032,7/12
120,5.5106582040641605,6.119207883317226,6.455660714856271,8.174209790773551,6.385927074623205,5.453035106722794,8.259366827745284,7.814668100007481,8.258263982623431,6.822150547418278,6.8222489819426,5.890620456585463,5.890560713738393,5.92667442492634,6.208174278048415,7.151408676487018,6.162130923190724,5.886704445011193,6.64117627024769,5.618908094358581,5.248758143162461,7.824655418646183,6.531517551339351,8.559034876954192,8.512495108391212,0.0,8.103461869634032,7/13
121,5.684572429649645,6.190921909911985,6.56785329344864,8.160265893870537,6.385927074623205,5.70617306660468,8.236789629449296,7.856043008138111,8.258263982623431,6.822150547418278,6.792188445420773,5.971970837608065,6.18143886559545,5.92667442492634,6.208174278048415,7.151408676487018,6.217145429702552,5.759909464548817,6.700070067076276,5.618908094358581,5.248758143162461,7.824655418646183,6.691978393184498,8.44894140305734,8.739429791727476,0.0,8.103461869634032,7/14
122,5.834191209695088,6.139565647431135,6.668505723809322,8.154814815227551,6.535275157997096,5.618675530201355,8.331933964981246,7.787322131555121,8.258263982623431,6.904720000349676,7.015617498022742,5.973745027698214,6.3818507854999895,5.92667442492634,6.208174278048415,7.36475492911957,6.304012718423788,5.869825908695926,6.700070067076276,5.618908094358581,5.248758143162461,7.927788369724342,6.788536670195792,8.543072028327119,8.80027527007594,0.0,8.103461869634032,7/15
123,5.771756959136791,6.358432280955501,6.589271917769018,8.007354153992516,6.491658579579593,5.710863249917531,8.261844554005444,7.940739924958765,8.258263982623431,6.886770162214852,7.073456335074948,6.04188828125895,6.41165241636611,5.92667442492634,6.278238940069735,7.467844842672534,6.212503947403803,5.691767775401235,6.700070067076276,5.618908094358581,5.248758143162461,7.832214271788771,6.882487676433363,8.543072028327119,8.788334269035504,0.0,8.103461869634032,7/16
124,5.671694674037128,6.3878775996587365,6.612063681851052,7.996350833856486,6.474051680379689,5.793124128100639,8.393369511575143,8.127553417471866,8.324898114820884,7.1453552969281136,7.008804510872353,6.099395886689158,6.281963930829225,5.955713896459262,6.386782504091486,7.492901994248558,6.444920189018268,5.802555067318349,6.700070067076276,5.618908094358581,5.388221523110715,7.730815435550067,6.9304724735599015,8.543072028327119,8.91029395751187,0.0,8.103461869634032,7/17
125,5.6443678565592705,6.451446151542053,6.570870025939896,8.171244396941823,6.598222710184678,6.028676062043452,8.585548099250087,8.326742580792912,8.513088370074898,7.09631272177518,7.181376447901285,6.306300350274337,6.2047000597020086,6.044920142539137,6.447894943986931,7.545468827616845,6.655956871143986,5.938262877322278,6.700070067076276,5.656098890762451,5.376727512331601,7.675433008877763,7.075684138117679,8.543072028327119,9.104028137450515,0.0,8.103461869634032,7/18
126,5.829511374855393,6.225789646360913,6.592304511744807,8.192554262789049,6.595396067767037,6.131944235914684,8.556496479270885,8.381748685823586,8.651401819350989,7.112053082617622,7.089279970633594,6.342573773365385,6.405276295519527,6.04673243206068,6.657188441340419,7.561466388324444,6.627700335196295,5.847013419380221,6.746955119637698,5.683231034996396,5.495969626882494,7.558263640474745,6.999745715696722,8.587103023742882,9.281671026056129,0.0,8.103461869634032,7/19
127,5.998630910915104,6.129168153709947,6.7149493239340785,8.350808860567644,6.695970496487255,6.092443974866548,8.506777405098857,8.586636131862283,8.836933672070279,7.42407624441681,7.011777074720164,6.40897940200151,6.380140249468667,6.089687056903908,6.756070406131112,7.6037494055221195,6.524221163168261,5.959590538815466,6.564043579680231,5.78805809949315,5.464277954105938,7.536923435076139,6.922349957942149,8.708886856212697,9.407177932521682,0.0,8.103461869634032,7/20
128,6.001827909231635,6.2859510374143355,6.861355161882841,8.483799669677955,6.815735138736517,6.242105698618221,8.596853492001264,8.605584984130461,8.756869010080287,7.517506207873768,7.045790092678053,6.564784881071019,6.326239175231184,6.099214414052092,6.975466293187341,7.454866570397914,6.633164577897113,6.090935591126641,6.7967099815473455,5.89659316934528,5.689447698764801,7.599047378622699,7.001291926179388,8.808632467392716,9.567288076112726,0.0,8.103461869634032,7/21
129,6.109425621591953,6.239635123582492,6.8958855991330195,8.68320325911116,6.809066268001106,6.118769765170817,8.728867778307768,8.640029996497246,8.856335159762173,7.57246524293694,6.942458449394036,6.659834475571361,6.4390816103919315,6.2477832766175,7.032975406141922,7.6242440476853295,6.835949455077729,6.100388137632659,6.916335773552798,5.906641038616243,5.866805414301022,7.5384234785226,7.2456965183895194,8.803106301950152,9.604747782644873,0.0,8.103461869634032,7/22
130,6.395229746203125,6.196455928495699,6.923552656945003,8.871976682284362,6.957853684457786,6.029600196178904,8.774811814119174,8.783810150557825,9.061419763074877,7.649953096005485,6.959695694414845,6.618529211396239,6.515243827933386,6.408015105231034,7.18218298890321,7.741729974763969,6.825152519685987,6.360996967043591,6.905007249341808,6.051722768410047,6.004399437715517,7.606952211618147,7.206430763571156,8.841916104389533,9.478409207777355,0.149071198499986,8.103461869634032,7/23
131,6.571471178573515,6.306414505432655,6.813588046169617,9.007887881960242,7.144002709277442,6.103751384233227,8.821580176426018,8.708499534318086,9.031468378896975,7.662641680336342,6.80071871181726,6.643103555589981,6.515412551015815,6.378016220730103,7.391732549751574,7.85661919527579,7.052530590629927,6.37820308329773,7.174411014073847,6.17010413010303,5.928329678521007,7.7469607923432,7.246995155825498,8.822567602972118,9.597270408845345,0.6055066630876245,8.103461869634032,7/24
132,6.5372834901753185,6.1223298682314855,6.9103203825938655,8.922768001962558,7.230038349001816,6.019157872654563,8.850941121338353,8.797571380963532,9.232210689209461,7.642002218510341,6.670025281493071,6.6210412909701,6.59886442165162,6.487553456172236,7.37783598395136,8.03235536668389,7.02087786038809,6.64233972697128,7.023332181441664,6.054506827298693,5.996363826194742,7.730099311545246,7.409460936166812,8.903616934911335,9.553021124746769,0.3751455981511951,8.103461869634032,7/25
133,6.617621318142855,6.245351438868581,6.963645456627337,9.006203418860148,7.484569758551807,6.010691510943541,9.053154240716127,8.828818948506058,9.239293272811645,7.865964684600439,6.68681713608603,6.737583537735591,6.368044039307289,6.788104923801909,7.374290548676135,8.187818779880914,7.151011271334522,6.631638419965772,7.13465516286677,6.196022553144311,5.984860047987424,7.7778121816729815,7.523049390014866,9.070242144131715,9.62317510614072,0.5309710638376314,8.103461869634032,7/26
134,6.586391159818121,6.292707092645625,7.137736744006541,9.123198506848686,7.6967346870145805,6.044802422679421,9.180590496933574,8.886430547643263,9.351059451072183,8.044883348438036,6.644970400846567,6.643694117458208,6.421128794235582,6.77984003282593,7.391728338363723,8.2676327529056,7.145716310873442,6.734811386105636,7.2562907686680544,6.305438395605367,6.1490513758885825,7.66378517016939,7.6077221149212235,9.054107852478195,9.663872335068387,0.7235424761537712,8.103461869634032,7/27
135,6.744502906893981,6.232656410200506,7.162304747925853,9.189024801197963,7.6739684001422175,6.1986576264859465,9.20260486599738,9.086175906340422,9.244000960222026,8.078876826643153,6.645156570688019,6.658040341085871,6.429155047195096,6.57080337869322,7.3749006851010295,8.553623393114712,7.129912506198946,6.744578736113145,7.340970713614236,6.16787516389552,6.094656108398335,7.67044352564842,7.765412418863531,8.91802624267322,9.699603724639246,1.0081860030461265,8.103461869634032,7/28
136,6.871346653585533,6.324698658269001,7.370985859374154,9.413050377214713,7.73154316250121,6.149152901359696,9.17854631847552,9.110806926644127,9.35868813269011,8.031270807959842,6.747394373007096,6.636427443320955,6.5199312593491685,6.778762504503514,7.417584741518851,8.629909604800323,7.129850187297698,6.7078985486559475,7.476067965105169,6.121040860653612,6.131524671291303,7.7172251172730135,7.795530557390554,8.891404981439653,9.476621821549715,0.8508903512639135,8.103461869634032,7/29
137,6.881221271156217,6.2980305837819825,7.548323267324062,9.413420853824208,8.000692021425898,6.193604225201921,9.128860706031874,9.251855815781466,9.403907582511826,8.167823888388806,6.839067353588802,6.569581523627437,6.556740505573494,7.095401805036464,7.514663733959909,8.661984805871349,7.373190874226171,6.5618486850911175,7.652841037605189,6.237093731627909,6.061359002250351,7.7081235230411975,7.668854183170397,8.98862995161901,9.56262439686189,0.9771668510463272,8.103461869634032,7/30
138,6.801614268199146,6.443292194803607,7.557551078728017,9.397821684241132,8.123900484173939,6.195350006370102,8.943972290292693,9.320215334417933,9.395824133465418,8.221325775012454,6.960870517633777,6.5658220474222695,6.5352306797912165,7.2061612858183715,7.589836980727578,8.737224887316648,7.387756572480087,6.581886592785929,7.669343141191182,6.230607003864442,6.083955856413944,7.787243592257536,7.700191377045577,9.25926374449248,9.739403673097792,1.1528546515948415,8.103461869634032,7/31
139,6.838310934341693,6.407192734494177,7.53868557070091,9.458290181084239,8.118814556310463,6.230790285626278,8.997174195281767,9.35106900456894,9.419058410533696,8.424846195944172,6.988605795353102,6.457728906965502,6.487373680971355,7.32563368518262,7.748915831939556,8.871713421809996,7.336055274207926,6.657700946716925,7.8305183919179155,6.223892784329863,6.074713887966635,7.811232168434316,7.6275926206939735,9.335260086173394,9.905931940311701,1.3478286433063467,8.103461869634032,8/1
140,6.99038734833712,6.492785629295825,7.6452574128493,9.509742508997332,8.317777119758993,6.176769381922086,8.946783686871797,9.405725649107683,9.407122255855748,8.407396932801118,7.078823177258404,6.464554364146807,6.497814580188425,7.273885288619937,7.792708945261391,8.903584101583954,7.402502227631142,6.692426563960008,7.9157796920397905,6.285934681983786,6.2218726563484195,7.81531377091243,7.407082992815769,9.30756118789588,9.935646656291318,1.6596839482971006,8.103461869634032,8/2
141,7.1118440662323765,6.363719905322974,7.738396963939624,9.406942105925404,8.567749846686326,6.255486085118842,9.135560633240923,9.610876044690142,9.494375266885596,8.392448048122786,7.04813794574583,6.390086136075152,6.563921525488802,7.273879054516887,7.6481275253334315,8.725356832519617,7.454338760028129,7.050861270266906,8.242192139768516,6.335717208230432,6.233098405106385,7.758901066679436,7.560262396449821,9.483744190613525,10.29059581264308,1.9724353090453812,8.103461869634032,8/3
142,7.350818501520931,6.711363247427361,7.850266628442401,9.725107878732995,8.594114569186486,6.319740413941062,9.429513754524878,9.857021669667253,9.487377523651244,8.52046180546032,7.263036692516541,6.543598289197264,6.568481113593131,7.071521095101893,7.6743364639702705,8.87462222680517,7.59578425774307,7.077831030130781,8.473541475547842,6.503592737142278,6.243724603941697,7.7690212205164215,7.817647320544494,9.625581692368248,10.49835540782031,2.265943356603668,8.103461869634032,8/4
143,7.581373305937698,6.719630233862595,7.961419729021938,9.600670259094512,8.557204175232407,6.345939072320557,9.473804594499326,9.864415279210531,9.585768524629701,8.668695509129579,7.25884231636892,6.762353534209457,6.723218626894412,7.227114760312151,7.62686186512407,8.957814987480186,7.798469263712337,7.254566297190171,8.472957479828771,6.507643040575953,6.270714760308823,7.909534285079705,7.805962709748939,9.757587190774784,10.686657581789651,2.330447598941163,8.103461869634032,8/5
144,7.428652287437392,6.972945856237416,7.816363230762225,9.675002329486391,8.61922404300328,6.2671916545085,9.540125151449915,9.828448642549288,9.737106787431076,8.901362959263256,7.2292815298161655,6.983008464978318,6.77275847637322,7.437223837904342,7.63682223592651,8.878874309257812,7.74679808594957,7.343694167275186,8.565180871892794,6.474793462855568,6.479405736399108,7.98368390427803,7.936856358761593,9.865966739401507,10.854370610866008,2.304205985457448,8.103461869634032,8/6
145,7.567727373272404,6.936373675339649,7.700354380910711,9.859866203561031,8.751492067355562,6.360610741979019,9.688161856816604,9.801265900143692,9.76517956515649,9.021364370829337,7.525854540821538,7.065449427182897,6.788717353305233,7.252511615612678,7.52186059444076,8.908760379816071,7.892230110356688,7.325637708858029,8.762769679934472,6.6710611825713935,6.487327001510216,8.000056720944137,7.953663116721459,9.932976768876726,11.155757158558485,2.3280912514494503,8.103461869634032,8/7
146,7.603836043762048,6.901268306021415,7.739935605704218,9.968794926628787,8.790480487941315,6.340497728910564,9.855606642619298,9.811534003057837,9.717602836325446,9.152235602245868,7.41972143267305,7.132202599770577,6.762258944595421,7.391266685686953,7.605869961142815,9.004018924363287,7.980415587464562,7.532365983571061,8.872195641925222,6.765240567318622,6.51841355200503,8.038974509510679,7.815602531323538,9.944422006877437,11.144407818912365,2.273755955237638,8.103461869634032,8/8
147,7.619699635521588,6.899246310822682,7.5850512212914785,10.036977698901817,8.81250177587073,6.348488960220873,9.746797809100821,9.849796082497232,9.86408390541296,9.142759446463366,7.582026099864497,7.08494620426876,6.741365050316314,7.469597235378187,7.5828812072575955,8.886606380772315,8.252736474571979,7.580575009672134,8.934912128173146,6.899975840322523,6.314379744287855,8.028827993255863,7.778893263943453,9.991620701485619,11.271329633360835,2.415018499293327,8.103461869634032,8/9
148,7.617973166185949,6.9853179874242395,7.517236188539975,10.14118710416613,9.019087037111953,6.456995979375248,9.609875849619447,9.980532996037788,9.938639622627376,9.132556429092924,7.751370136974302,7.146006444162292,6.765560706012546,7.633876773050986,7.655382635765626,8.90759550024267,8.263927668944682,7.714623314841325,8.792685279226024,6.6976977553436825,6.418000057430117,8.123835806193613,7.717329603553435,9.839183269273635,11.319626150921936,2.3121673746950884,8.103461869634032,8/10
149,7.760591281640952,7.249305336968308,7.648736136201251,10.182868339514934,9.209185838547596,6.517298324986709,9.54615585486595,10.038845909188646,9.918879892866189,9.202194838375382,7.860400084306339,7.156408255807797,6.871014779931602,7.666708166849091,7.644016887070822,9.04307760441907,8.352049466572051,7.8079631121448285,9.011121978977384,6.804889599743784,6.564386835538568,8.186281586023874,7.60230409550228,10.070818672642925,11.481853630609683,2.3618551425489493,8.103461869634032,8/11
150,7.765023645442558,7.395611494508137,7.657211806251681,10.35564548990921,9.125827192742113,6.47909526021876,9.567167245939846,10.0741679604957,9.8393089180115,9.322599444681986,7.89456384873337,7.384950366796769,6.9275693535977,7.83069029174061,7.808153113665457,9.155489726853647,8.554052081985072,7.868073261343713,9.069665531577494,6.77968899426462,6.61186898145116,8.200021139327065,7.750395861553852,10.234310686673544,11.561598196539771,2.5350892982068345,8.103461869634032,8/12
151,7.939328627168886,7.474910823576368,7.557257228420334,10.499430624576698,9.150098421017473,6.509904340742778,9.600585616191028,10.274221918292985,9.820708489481532,9.392824823162453,7.979534919561833,7.562818263126318,6.8450601869901915,8.006155109931031,7.921950452181868,9.185835738080753,8.789084578627467,7.788373836776548,9.077795926743088,6.845689733223478,6.78587586374676,8.35775409192182,7.9835574724166465,10.226526993088887,11.738468801413397,2.670081983836754,8.103461869634032,8/13
152,8.119144988630051,7.431656962194411,7.650692200823937,10.687030407245294,9.095263459158206,6.55790837156637,9.747669408319078,10.406177577196303,9.889503073340064,9.522898389680284,7.963297967719581,7.611883312861998,6.857089255679939,8.148305047501934,8.022974844734179,9.247026004371243,8.810237966560491,7.8554812746201685,9.230440185733123,6.9753177773440855,6.935727530589276,8.490679228755114,7.9945642675438,10.42122122550368,11.86370220726387,2.7033935252552226,8.103461869634032,8/14
153,8.173256933702431,7.512050411083435,7.623385589084276,10.703890103213803,9.150143798695277,6.7938440564081874,10.05867713803284,10.445151284822828,9.909190759764627,9.49491282961589,7.898906535720428,7.721389967628034,6.777913973597589,8.27299884552079,8.213871720903148,9.370558045948814,8.769152891273762,7.977859520821038,9.240424188992705,7.0181815664440785,7.0618475132980905,8.529422538916247,8.089939351064888,10.596380253664604,11.816232171620356,2.8677460069694756,8.103461869634032,8/15
154,8.141816966326848,7.6799463071611624,7.630842064496977,10.669783089427542,9.416259595702808,6.900425022041472,10.1688946464192,10.52022282103175,9.878737737752733,9.699352427544147,7.870452619110021,7.6127069417676205,6.825595816371877,8.46002342597058,8.23798992627709,9.356607804119813,8.888553805275963,8.042906822132482,9.21162454169608,7.105039837222326,7.134773619939037,8.640890339408942,8.306098131097484,10.59387608690306,11.85512624678456,3.171414936048723,8.103461869634032,8/16
155,8.20338017653548,7.7280918521536845,7.721776811178457,10.741010744030271,9.476994735522092,6.978354058079372,10.103604394369688,10.520724531011014,9.884685810013417,9.777442916358877,7.760496495330531,7.657901717164761,7.034623747363248,8.544407380937349,8.266485691408294,9.499484453377976,8.905282738113453,8.164398657099005,9.247333309505361,7.112927145946762,7.159757934505037,8.66265168825919,8.303408942337667,10.805852247081615,11.963354762040288,3.344890845192921,8.103461869634032,8/17
156,8.084050932844834,7.84179981422281,7.803494914253144,10.9502078775012,9.544121831485079,7.139075562015699,10.186542759596238,10.481318947810367,9.83610325614996,9.814176156801455,7.784146882743244,7.537604705980655,7.110043714495963,8.60713233160923,8.442163918756743,9.661960168807004,9.004237376999852,8.165365745370027,9.266869602825219,7.2388759976788855,7.312125489585593,8.778494888702257,8.487464835918333,10.602864438828211,12.127781666000535,3.4588284859356015,8.103461869634032,8/18
157,8.115533039156853,7.927614988130816,8.032020638502738,10.923067074333561,9.542065980102116,7.257762621607552,10.037388311147433,10.59257956411742,9.917492586906944,9.90767877377179,7.828982372041721,7.757768190262946,7.100744608336183,8.83452068634025,8.740045691678045,9.658181701744327,9.096157660787828,8.293255507396776,9.414960020238825,7.575433005099417,7.390796540054905,8.939611420150909,8.57397334375606,10.58959952843549,12.092623904328688,3.473385563011131,8.103461869634032,8/19
158,8.284134662435713,8.059817631246249,8.209949092762754,10.865640644734327,9.611348391905581,7.113224690951088,10.019094807758043,10.47495447960805,9.90404243603561,10.147557313596556,7.7573013866355,8.06870470945746,7.0892175981596575,8.993374210157398,8.896847436597351,9.757947723365548,9.085298443940921,8.266682668703046,9.416739671217561,7.622076912946645,7.179657491272342,8.985732900879208,8.578677952281678,10.736320418442482,12.18103810055428,3.597963997794557,8.103461869634032,8/20
159,8.324487042297688,7.931568929643002,8.292130566147305,10.999494600295776,9.889491717414527,7.127140049616384,10.062015468198487,10.75538786503295,9.92394560158673,10.262997174300041,7.695823584291868,8.133941414982237,7.265456934726934,9.039841768857233,8.90815557946883,9.636358706550915,9.32338730768633,8.309888195945161,9.661447726958707,7.752885012998121,7.15294935219799,8.878539596822712,8.575078993419615,10.825559326342963,12.250082470140692,3.528548904432654,8.103461869634032,8/21
160,8.171527230281656,7.867431477954597,8.507091835407328,11.051849632791672,10.126042961647048,6.888936728160985,10.120819370991464,11.013275139719672,9.942929480199666,10.240446277565082,7.819701830048904,8.02439307286796,7.105991024253783,9.06145172003127,9.095621230026333,9.917938276451343,9.36288758330627,8.489032995350101,9.726054768640957,7.726454002667605,7.421180839085697,9.031991883089585,8.80984924118579,10.92698806594638,12.561706124440184,3.5901673907059064,8.103461869634032,8/22
161,8.36150177492419,7.757623776375244,8.7521709126229,11.192778861025287,10.143759102663541,7.117045973379909,10.283745876829192,10.98199293888006,9.966400444873715,10.235548233812944,7.90396705273744,8.14873138123581,6.985537016292764,9.206084516938606,9.017360727985173,10.045219896805978,9.392853533383677,8.585569695365736,9.789079051840636,7.818093638990118,7.637470657466211,9.056314066369334,8.770117815499782,11.119678698373042,12.616590029617255,3.66576171069976,8.103461869634032,8/23
162,8.375817439726928,7.925583576988678,8.809543111612436,11.336786911397711,10.235167710333025,7.216934293156942,10.33792949141724,11.033381018537755,10.020336571718047,10.482944675088662,7.940151706499886,8.152049961185133,7.118002062198314,9.314186255270329,9.148183685230896,10.190795050352067,9.2618016282059,8.685012205305203,9.795111830397557,7.744364958472821,7.724921583147406,9.054598252366157,8.754111608829698,11.107113298198229,12.785021622522983,3.7105594049680235,8.103461869634032,8/24
163,8.359500597964493,7.969294347356534,8.668405810829634,11.424708962287808,10.441600425206314,7.168014238893488,10.329347916620499,11.07855294862354,10.108496943445562,10.723703425614152,7.851869276192292,8.035946258125962,7.132620470865812,9.318336205561192,9.13381511275679,10.097117888608336,9.331389710734802,8.808646883350432,9.716183205572909,7.716066439691993,7.908882145001321,9.041326602740137,8.686007530528494,11.139198052583575,12.733895653581966,3.6324684936317007,8.103461869634032,8/25
164,8.29207836354611,7.99482839047134,8.792146895014737,11.712928042683465,10.392098775398209,7.199575773124832,10.366217714110045,11.17285864469691,10.125605160578894,10.949243202065034,7.809347591957537,8.100188510567778,7.158234974036609,9.301319413020687,9.257574495527967,9.991557680214255,9.433814770470159,8.782235549449199,9.761783230746156,7.772105041274767,8.003193881927812,9.325367852846304,8.762368676348697,11.499222837041508,12.762358789604606,3.816024109995331,8.103461869634032,8/26
165,8.485432138174831,8.006813341586328,8.72775115481905,11.707750664358235,10.618134168638292,7.176346965497473,10.414599214382301,11.276226540032825,10.222890713746368,11.043988168760167,7.910026937911572,8.125766456936821,7.236716663003701,9.303268110910933,9.022114443946064,10.04946417663636,9.75065531102351,8.715224455358426,9.817594548516801,7.84013296290771,8.282120782029674,9.259754572021722,8.839949514407751,11.478269288116017,12.941874822401681,3.8332834832691898,8.103461869634032,8/27
166,8.54681284558137,8.122704220447547,8.587711351516615,11.80907600295037,10.727114742512834,7.272475682466471,10.29449898248054,11.308417228045906,10.22678507500825,11.194791549913925,8.071513144002509,8.152542775404887,7.137260754663491,9.358024160039173,9.163768883293924,9.971839372444752,9.770429635877703,8.77127687834742,10.006885505469528,7.92462648433803,8.347257329453653,9.204888577970177,8.900039425932468,11.569311424988975,13.252438480392227,3.809447050838226,8.103461869634032,8/28
167,8.375524793504477,8.120641705661031,8.81907544892052,11.794558071789096,10.805090054393899,7.338323448383633,10.498678685047096,11.263551059481111,10.184457924712248,11.299207974397133,8.234859439895025,8.173390196136438,7.13773974842352,9.531569216352455,9.238903484048938,9.945887274144338,9.684165652714421,8.861314094244419,10.06563814065134,7.976692126115669,8.495789226069734,9.498418833920526,9.000367037208326,11.520242998917512,13.21433475819383,3.8326792045616593,8.103461869634032,8/29
168,8.25793023746038,8.254061662530251,8.731740858132063,11.756877493266124,10.959009627402745,7.540826063674604,10.592328789966789,11.359012910433036,10.522344012640659,11.370434610342642,8.211885597682851,8.390237492728287,7.200621302871802,9.464655152803653,9.449975023811268,10.052966754631443,9.80970659168566,8.80167881117079,10.168111917215311,8.015306628086236,8.523617787707812,9.571217385018127,9.206358861547828,11.63938572770182,13.34004922070366,3.9556621846926756,8.103461869634032,8/30
169,8.31841396965782,8.399433634952292,8.83590552650575,12.004507390052758,10.995874544884492,7.409698808759631,10.515408360693977,11.397079210033837,10.667678175669572,11.444687613101031,8.361524494281365,8.365948067142112,7.221888678959345,9.48062367376671,9.360380268822288,9.995825966000522,9.912611240823551,8.891897280620173,10.407105439990326,8.07207779833071,8.456918736708793,9.844775932347908,9.238597298002448,11.673019660912388,13.34237748702058,4.011005446858878,8.103461869634032,8/31
170,8.311446991191085,8.2922767837031,8.809032852054665,12.06497476450067,11.127120287335792,7.593521162948002,10.599316364812134,11.451353352557009,10.62421163913268,11.503734585564223,8.523686573671581,8.561837461384444,7.4423371485667245,9.508449452141692,9.613985329695092,10.27929232595355,10.019453997141857,8.832475499800001,10.383191923377362,8.041145055545275,8.499062676103161,9.793700229582813,9.426356112993288,11.686955515348465,13.5406053051455,4.136680666294995,8.103461869634032,9/1
171,8.170470988178895,8.345455607726008,8.755145726966278,12.096132398892449,11.18374731012751,7.779142111001231,10.727370424563356,11.448254105653533,10.611069601035567,11.67768426936567,8.632864557691834,8.494337458722102,7.318309002221549,9.580033704712543,9.694310734461567,10.299356152838325,10.11707418262048,9.046630890435555,10.47242506934827,8.067164321051234,8.600545974271272,9.829016809191907,9.5474543191203,11.686817736887527,13.889730062656943,4.474126878520129,8.103461869634032,9/2
172,8.285032228364328,8.340026428263187,8.533026352607394,12.073286103631633,11.223689029175603,7.878069558624045,10.84725786110797,11.433426779156607,10.525712441322415,11.945393425914263,8.692138351182413,8.468614171717961,7.413414619454927,9.63330321213225,9.922700951416443,10.27100795028341,10.227604023909027,9.158224207387866,10.639107040833315,8.089305859720715,8.563044084276251,9.748711362060723,9.569395360634998,11.612509471582065,14.108279001815275,4.520315238137889,8.103461869634032,9/3
173,8.311989423921867,8.477365880012178,8.555552008221936,12.081244755857604,11.356118919637522,7.903543700042717,10.79842742176543,11.58561292033132,10.463779685966172,12.167824228426221,8.66347742525629,8.535399287960686,7.599844732528651,9.499671291490953,10.041640660282216,10.413774281951044,10.422923672678218,9.13349336449606,10.59358074225228,8.274037358446735,8.56697695174829,9.782633778227869,9.639548821934412,11.796319174323676,14.176404994464542,4.639848248997038,8.103461869634032,9/4
174,8.422440420997019,8.455463567703466,8.510813191430511,12.195635449523735,11.540939265886578,8.02257196583954,10.965556050700686,11.59229960838733,10.734984228789186,12.204556353500942,8.76194993562748,8.454174207153903,7.5316061156128375,9.52330680126878,10.254935111317124,10.283604159993436,10.62028861467853,9.229124406007543,10.62229674924396,8.27374615037365,8.657828802694572,9.946986837074789,9.751295401798364,11.91405751297386,14.295921270006312,4.488148136408854,8.103461869634032,9/5
175,8.556400663809837,8.556135961190465,8.525975874425384,12.13359298767484,11.684715110400797,8.041572405206862,10.916866315471554,11.770674576356798,10.906185066913741,12.358425541592764,8.698909646147667,8.64170638516203,7.705955856924825,9.508505400314803,10.037681230676215,10.27373099935784,10.724826477156904,9.368361684935618,10.593922529167042,8.36750374821361,8.787217581017014,10.137547515592102,9.893052625094716,11.995697265543837,14.265787844192692,4.524644592232655,8.103461869634032,9/6
176,8.533041663784976,8.777196899257182,8.486548431866485,12.1285779794857,11.708068868585286,8.318720621357578,10.935063219107755,11.790443248638566,11.044241133732223,12.50466438172795,9.022122697072188,8.686297736262034,7.719508824949142,9.477144096696707,10.271047633665125,10.206078163478514,10.722054449240373,9.26817035762453,10.65829457469409,8.570368364661157,8.650680782627468,10.109864880565086,10.047660406147358,12.07911537126276,14.487960661803958,4.655110365486326,8.103461869634032,9/7
177,8.671381075617122,8.813968086469627,8.320698519544395,12.134277771243958,11.815478472331343,8.147037909947397,11.166098087207805,11.854238912167084,11.152157197633535,12.657247885459467,9.043490011876715,8.635517227353857,7.884057461716516,9.441072573597959,10.463858284780807,10.427595371089337,10.762839923489851,9.465464864741293,10.59551635165293,8.842393313934851,8.752631301118205,10.06824527536097,10.097046289131967,12.18714324762305,14.694269104884489,4.592327693270803,8.103461869634032,9/8
178,8.762078332046402,9.029516554994535,8.279050595919164,12.320354698145534,11.797356829183707,8.131184555696873,11.476566454167902,12.006197585185467,11.294149473053503,12.530258439087453,9.095117484744533,8.521252650365971,7.947646514569413,9.512444827950167,10.680066298956518,10.56775187318914,10.862285483291137,9.375138335148675,10.563799442657803,8.906164460775301,8.742810552136397,10.368851218673592,9.969511640697295,12.278842082029437,14.861824753189689,4.6921194107968285,8.103461869634032,9/9
179,8.738916240047342,9.280657313764607,8.185049398680269,12.51369694288244,11.853720973897984,8.288494773516739,11.649990665217423,12.329042052402535,11.659415388454255,12.62526128455035,9.335244384545616,8.646815848532823,8.049507576481622,9.750396383359382,10.65755589993109,10.730880652590818,10.912988887562848,9.397537385587844,10.698994965755773,9.081249212741936,8.63101632619475,10.448916473667026,9.964829249426346,12.318530760132964,14.87562409328477,4.668635770260006,8.103461869634032,9/10
180,8.756637706612718,9.300821181109862,8.1197270347735,12.418689625364934,12.031288191655301,8.33989722373697,11.649990665217423,12.453360959135402,11.671174070865874,12.876879886268936,9.264172179348522,8.679711506243812,8.101197486785601,9.696942368062448,10.592032657934737,10.864343917063826,10.964178075537438,9.489980429276033,10.830378136208592,9.19494477825703,8.688230258193784,10.56086786802909,9.88360012075776,12.406990110297656,14.74078880607143,4.673375101397983,8.103461869634032,9/11
181,8.788209891312283,9.41279421611036,8.215446076991634,12.480038775285173,12.104723166425662,8.395395047505778,11.649990665217423,12.415513131725321,11.864274552021058,13.108589649837448,9.31817641693278,8.764679440997847,8.257055589008445,9.825431157906747,10.458018025992363,11.065869418402995,10.98066889798863,9.711567192544143,11.02762070482246,9.349848804656196,8.803129949479155,10.614505867286923,10.103406937332506,12.558405900148438,14.927928808971897,4.902929169973946,8.103461869634032,9/12
182,8.818686407974985,9.41423521950038,8.031731064470042,12.314341687804292,12.256111788305288,8.678259761830846,11.649990665217423,12.358094052422379,12.12150744474909,13.170467572687976,9.313883218411608,8.829673463049398,8.239591283740817,9.938481156940247,10.617314674561609,11.182577706215817,11.198325095843929,9.621406862376796,11.01054426205956,9.376178627503323,8.940968512385124,10.423559933917318,10.110866296513557,12.564660534411935,15.048241564436525,5.074111540592879,8.103461869634032,9/13
183,8.918297263677488,9.541837744153947,8.080860134001448,12.461217967971685,12.234180499443255,8.733391351039678,11.649990665217423,12.68867115408566,12.265219695233782,13.143612119868742,9.180722642013444,8.870563372520307,8.276968944436218,10.003759319861913,10.719929033760629,11.105248219967619,11.26829545039927,9.681753289780735,11.103533586391576,9.433377347696018,9.094447116582218,10.464634814523713,10.407916079886244,12.641371395047983,15.203938310196122,5.205139650757766,8.103461869634032,9/14
184,8.976374799458656,9.570947953023873,8.21681486501558,12.391037081961436,12.251221078822729,8.720861143813604,11.649990665217423,12.751074368710668,12.532530650858254,13.211113463460942,9.274143470886928,8.950140712675703,8.423046695288207,9.9676116072854,10.688824989906388,11.215790370636652,11.393592418477814,9.723686807882775,11.227145234357154,9.580000602132337,8.995672155864144,10.280199342057513,10.518628485265316,12.727456965563805,15.2294721155292,5.33912340694587,8.103461869634032,9/15
185,8.949497059144184,9.776822024441334,8.399322845967992,12.477567468798469,12.24040854122587,9.093415805592718,11.649990665217423,12.770195323785702,12.684125404282504,13.32810742588869,9.231147122840525,8.9899732183771,8.411783649059968,9.992623782975146,10.813826714530776,11.201881373872647,11.283921944912093,9.822924785895692,11.17745319716307,9.535708870800851,9.13440858127726,10.647843893973794,10.668672251555174,12.569158550878212,15.255752580048188,5.334834125327993,8.103461869634032,9/16
186,8.867445800661317,9.813844944116944,8.50661452332933,12.645612306518927,12.125034089910763,9.156793424476966,11.705215249841856,12.833669868799717,12.805441278540735,13.350271764801684,9.525503062444601,8.877004633618684,8.570523998896606,9.97966407473599,10.790373478374383,11.18347179517344,11.332887099507877,9.951717211999254,11.291598532427997,9.548956238410446,9.26659766278528,10.553453994640881,10.654089372896227,12.582345943655305,15.404820258538,5.410595224711148,8.103461869634032,9/17
187,9.00773736547916,9.91653270843307,8.564013629671825,12.583398665097567,12.287862731933387,9.200845773414867,11.918957881639828,13.067180947633956,12.8328948059383,13.370465582713825,9.525624065285534,8.900119080254004,8.789767851281647,10.247264906297096,10.751741216184554,11.424491224112566,11.546312623101992,10.08342758371508,11.252352167635749,9.669923639523637,9.194915955596306,10.43321951070086,10.652888358792161,12.728271499688447,15.428449560796361,5.665478037229907,8.103461869634032,9/18
188,8.831364755982595,10.060483005483542,8.659522185432222,12.550500099622807,12.387427513703676,9.324023097496754,11.952936175256037,13.039367246824868,13.103593697197084,13.512185898834332,9.464446556833055,9.048570129690123,9.055258163259792,10.379051345649096,10.92977627975093,11.330198890081574,11.403508201562076,10.466749161123795,11.409644099378363,9.688540423714802,9.131436636195579,10.60060445863361,10.813836801056281,12.879198749854524,15.60690759555271,5.905118768926202,8.103461869634032,9/19
189,8.917870962580107,9.847279510727605,8.626168231247183,12.742920299387572,12.174116401822685,9.469890317570309,11.995925276316418,13.101400664680549,13.13898840277455,13.556877037285185,9.494105342241317,9.009734236892593,9.03716832877126,10.425318341014766,11.008884883506973,11.4673366457937,11.39554243955911,10.70656130855865,11.683066080288382,9.799441988096653,9.204317694545836,10.773218999793245,10.944960673615173,12.869525513755425,15.924124496298289,5.8451257723537635,8.103461869634032,9/20
190,8.804944713875663,9.930318980329474,8.664121751641739,12.732111785892895,12.233688975421751,9.54920809695694,12.004216612762084,13.097491623886071,13.299522194576943,13.609482930608388,9.542422882128472,9.084806039363853,9.250704224807526,10.647818825951825,11.103311677456437,11.427275071393867,11.522998643901913,10.671167888956992,11.858194706131487,9.76703564315624,9.340974664548325,10.88644767957757,11.013644749184218,12.885317226468684,16.006355367737996,5.86590174404849,8.103461869634032,9/21
191,9.045691966745247,9.943526471556204,8.885726003060618,12.854133147930241,12.28230136291218,9.43932476732876,11.935210462217425,13.342227827639986,13.430211363833587,13.558100130554822,9.597599868842279,9.18879435554486,9.312626493124657,10.806107561972965,11.246265105592732,11.405623977307137,11.271642306298816,10.834029141863539,12.002515622332625,9.803411323797901,9.35730930450197,10.92855075613907,11.11208708063342,13.13275930234679,16.11464143107215,5.771516577663877,8.103461869634032,9/22
192,9.151284056743883,9.996982665481218,9.107970059439705,12.970202358827471,12.23218496050558,9.820107805945012,11.980294145143246,13.392474568794038,13.5960405512698,13.66812812692101,9.798391232392065,9.234730392259147,9.397967517879737,10.828359576037306,11.333826596172328,11.310796240651284,11.378842237983108,10.815876661605097,11.995385116194022,9.882112618325205,9.46880011166419,11.123075883805457,11.258774158373528,13.234380251177255,16.10782506319779,5.793039716811292,8.103461869634032,9/23
193,9.3262899116839,10.162282687528412,9.039529925537705,13.116542415008562,12.41283911046195,9.79015438602584,11.928020878641759,13.37815861252131,13.692470119178886,13.742204350368908,9.892466718926947,9.332275398456305,9.230828653378447,11.08286919550247,11.3945853170479,11.455011090367874,11.464500228597295,10.952601833102994,12.183984573053493,9.864448080273048,9.703154373105425,11.222507929089284,11.370409352147398,13.459494707829563,16.22874968900666,5.707455599719672,8.103461869634032,9/24
194,9.23710048719377,10.380550402884465,9.069072825014004,13.09763199450204,12.434432570880517,9.752535645679437,11.956228469579992,13.552031811634853,13.640327013929292,13.880711865538226,9.970443662486847,9.385669346771149,9.167883051162056,11.176491781143193,11.317159184778241,11.447242674208573,11.690492273399945,10.945179104778381,12.16870013975633,9.930193613881253,9.558674734532483,11.396580019119744,11.469077844151796,13.53601095495177,16.474914708370136,5.895628999878124,8.103461869634032,9/25
195,9.396591558844639,10.422783825042053,9.146764388476862,13.004029644301687,12.514064694103382,9.767363985314267,12.26988778037398,13.71467143219226,13.768374652554607,14.050379742177535,9.866260051568952,9.543824706812536,9.191863858338591,11.076270731756457,11.440195841314084,11.349112880311836,11.653744558345643,11.093809926576371,12.230434148844767,10.034595681680374,9.738803366296176,11.365015024191585,11.568598294114004,13.60626475753609,16.498604891196635,5.766052237642338,8.103461869634032,9/26
196,9.450692591029394,10.235608978552085,9.28889052250056,13.243219767401554,12.60281194794517,9.919962564429666,12.161559884916246,14.050408060579478,13.698170337834533,14.082146385460725,9.888923011491674,9.607267157995892,9.205571239361548,10.978381865479347,11.410131750305403,11.20820370103783,11.889235921165403,11.185393188908023,12.442104873754856,9.895983721946125,9.854420147613347,11.526792156090112,11.713660347495512,13.611518407000155,16.603431943260542,5.831199208112788,8.103461869634032,9/27
197,9.652943343549572,10.410104584519688,9.097089676330176,13.262972672404267,12.845178103156519,9.809713025227508,12.1331100573381,14.340591331351872,13.790984311308492,14.09412147071059,9.890133820545808,9.786010472445698,9.428993685609337,11.194004132309304,11.415371541401656,11.145295475956651,11.886890271790252,11.270089262136125,12.303601871507718,10.183414956384112,10.017052579412153,11.44360527697301,11.856936174683485,13.810372215890043,16.632597461032788,5.831199208112788,8.103461869634032,9/28
198,9.775612057232278,10.361502257122488,9.097089676330176,13.262972672404267,12.68805840471016,9.896240621089563,12.173630824123633,14.53168306006898,13.790984311308492,14.162166633554245,10.009643323374425,9.875928443021229,9.596158870829731,11.2341666501859,11.588541108672642,11.297891340536756,11.886890271790252,11.439216585765385,12.443510027124399,10.183414956384112,9.918926083268245,11.43571488102526,12.060897937717437,13.988821751126437,16.594947652735353,5.831199208112788,8.103461869634032,9/29
199,9.933722450938237,10.361502257122488,9.097089676330176,13.262972672404267,12.85431357956746,10.11932098558285,12.224630071505757,14.53168306006898,13.790984311308492,14.240003770331048,10.129587869669963,9.930109385148599,9.580839344516011,11.277703043544994,11.488848986979418,11.41897918825475,11.886890271790252,11.708262021196427,12.467720969938739,10.183414956384112,9.955317218687261,11.67499160927821,12.057155741643987,14.119591406600165,16.594947652735353,5.831199208112788,8.103461869634032,9/30
200,10.117200438482705,10.361502257122488,9.097089676330176,13.262972672404267,12.818636938448487,10.148610906752156,12.204751041922586,14.53168306006898,13.790984311308492,14.345800679270013,10.216565545580146,9.95979709387695,9.607510461169577,11.277703043544994,11.508315199169132,11.172565263114928,11.886890271790252,11.75041303771278,12.467720969938739,10.183414956384112,10.079379777482758,11.521887885128175,12.024221668625204,14.195339190841246,16.594947652735353,5.831199208112788,8.103461869634032,10/1
201,10.160297784154638,10.361502257122488,9.097089676330176,13.262972672404267,12.823776653921604,10.148610906752156,12.311078412473123,14.53168306006898,13.790984311308492,14.351525532071841,10.39508042195131,9.95979709387695,9.607510461169577,11.277703043544994,11.479852216747124,11.428826218603966,11.886890271790252,11.750252500432254,12.467720969938739,10.183414956384112,10.16771335997413,11.406759317088023,12.024221668625204,14.195339190841246,16.594947652735353,5.831199208112788,8.103461869634032,10/2
202,10.160297784154638,10.361502257122488,9.097089676330176,13.262972672404267,12.920162539472274,10.148610906752156,12.556249875443092,14.53168306006898,13.790984311308492,14.43198044501706,10.39508042195131,9.95979709387695,9.607510461169577,11.277703043544994,11.518268388039672,11.57062195195371,11.886890271790252,11.79910482789555,12.467720969938739,10.183414956384112,10.194528894975734,11.406759317088023,12.024221668625204,14.195339190841246,16.594947652735353,5.831199208112788,8.103461869634032,10/3
203,10.160297784154638,10.361502257122488,9.097089676330176,13.262972672404267,12.955825976286862,10.148610906752156,12.71530256908722,14.53168306006898,13.790984311308492,14.43198044501706,10.39508042195131,9.95979709387695,9.607510461169577,11.277703043544994,11.63824484287989,11.57062195195371,11.886890271790252,11.79910482789555,12.467720969938739,10.183414956384112,10.18540315534324,11.406759317088023,12.024221668625204,14.195339190841246,16.594947652735353,5.831199208112788,8.103461869634032,10/4
204,10.160297784154638,10.361502257122488,9.097089676330176,13.262972672404267,12.955825976286862,10.148610906752156,12.798444764528478,14.53168306006898,13.790984311308492,14.43198044501706,10.39508042195131,9.95979709387695,9.607510461169577,11.277703043544994,11.63824484287989,11.57062195195371,11.886890271790252,11.79910482789555,12.467720969938739,10.183414956384112,10.18540315534324,11.406759317088023,12.024221668625204,14.195339190841246,16.594947652735353,5.831199208112788,8.103461869634032,10/5
205,10.160297784154638,10.361502257122488,9.097089676330176,13.262972672404267,12.955825976286862,10.148610906752156,12.933153058473467,14.53168306006898,13.790984311308492,14.43198044501706,10.39508042195131,9.95979709387695,9.607510461169577,11.277703043544994,11.677835712763212,11.57062195195371,11.886890271790252,11.79910482789555,12.467720969938739,10.183414956384112,10.18540315534324,11.406759317088023,12.024221668625204,14.195339190841246,16.594947652735353,5.831199208112788,8.103461869634032,10/6
206,10.160297784154638,10.361502257122488,9.097089676330176,13.262972672404267,12.955825976286862,10.148610906752156,12.876892461194785,14.53168306006898,13.790984311308492,14.43198044501706,10.39508042195131,9.95979709387695,9.607510461169577,11.277703043544994,11.677835712763212,11.57062195195371,11.886890271790252,11.79910482789555,12.467720969938739,10.183414956384112,10.18540315534324,11.406759317088023,12.024221668625204,14.195339190841246,16.594947652735353,5.831199208112788,8.103461869634032,10/7
207,10.160297784154638,10.361502257122488,9.097089676330176,13.262972672404267,12.955825976286862,10.148610906752156,12.876892461194785,14.53168306006898,13.790984311308492,14.43198044501706,10.39508042195131,9.95979709387695,9.607510461169577,11.277703043544994,11.677835712763212,11.57062195195371,11.886890271790252,11.79910482789555,12.467720969938739,10.183414956384112,10.18540315534324,11.406759317088023,12.024221668625204,14.195339190841246,16.594947652735353,5.831199208112788,8.103461869634032,10/8
208,10.160297784154638,10.361502257122488,9.097089676330176,13.262972672404267,12.955825976286862,10.148610906752156,12.876892461194785,14.53168306006898,13.790984311308492,14.43198044501706,10.39508042195131,9.95979709387695,9.607510461169577,11.277703043544994,11.677835712763212,11.57062195195371,11.886890271790252,11.79910482789555,12.467720969938739,10.183414956384112,10.18540315534324,11.406759317088023,12.024221668625204,14.195339190841246,16.594947652735353,5.831199208112788,8.103461869634032,10/9
209,10.160297784154638,10.361502257122488,9.097089676330176,13.262972672404267,12.955825976286862,10.148610906752156,12.876892461194785,14.53168306006898,13.790984311308492,14.43198044501706,10.39508042195131,9.95979709387695,9.607510461169577,11.277703043544994,11.677835712763212,11.57062195195371,11.886890271790252,11.79910482789555,12.467720969938739,10.183414956384112,10.18540315534324,11.406759317088023,12.024221668625204,14.195339190841246,16.594947652735353,5.831199208112788,8.103461869634032,10/10
210,10.160297784154638,10.361502257122488,9.097089676330176,13.262972672404267,12.955825976286862,10.148610906752156,12.876892461194785,14.53168306006898,13.790984311308492,14.43198044501706,10.39508042195131,9.95979709387695,9.607510461169577,11.277703043544994,11.677835712763212,11.57062195195371,11.886890271790252,11.79910482789555,12.467720969938739,10.183414956384112,10.18540315534324,11.406759317088023,12.024221668625204,14.195339190841246,16.594947652735353,5.831199208112788,8.103461869634032,10/31
